performance_id,campaign_id,report_date,impressions,clicks,conversions,spend
1,1,2026-05-30,4964,104,4,3723.15
2,1,2026-05-31,19447,292,34,516.22
3,1,2026-06-01,3507,241,23,776.51
4,1,2026-06-02,7221,389,27,680.13
5,1,2026-06-03,15381,562,59,2070.49
6,1,2026-06-04,7217,262,26,1841.66
7,1,2026-06-05,18389,1232,96,1676.33
8,1,2026-06-06,5254,162,5,749.53
9,1,2026-06-07,7802,84,10,4861.61
10,1,2026-06-08,6433,335,24,3347.94
11,1,2026-06-09,14760,576,29,3667.43
12,2,2025-10-08,15382,730,51,961.15
13,2,2025-10-09,9558,205,9,1883.08
14,2,2025-10-10,13849,1079,59,3458.47
15,2,2025-10-11,11309,731,79,2827.38
16,2,2025-10-12,14830,507,28,716.02
17,2,2025-10-13,17680,440,33,1897.97
18,2,2025-10-14,3506,70,7,4173.46
19,2,2025-10-15,16702,1302,184,3899.09
20,2,2025-10-16,19102,1522,182,2767.18
21,2,2025-10-17,19919,529,55,4026.04
22,2,2025-10-18,12253,871,121,1298.79
23,2,2025-10-19,15323,998,25,2973.62
24,2,2025-10-20,17046,780,29,2411.42
25,2,2025-10-21,8430,222,20,2987.08
26,2,2025-10-22,11876,318,25,4708.83
27,2,2025-10-23,17499,509,58,1309.34
28,2,2025-10-24,9628,604,28,3654.43
29,2,2025-10-25,13805,574,52,1833.58
30,2,2025-10-26,11539,490,63,1053.16
31,2,2025-10-27,6502,210,31,3588.1
32,2,2025-10-28,14199,989,146,1918.29
33,2,2025-10-29,2730,128,10,4249.9
34,2,2025-10-30,17980,514,24,2861.52
35,2,2025-10-31,12617,735,18,1223.04
36,2,2025-11-01,2746,47,6,2758.26
37,2,2025-11-02,5602,92,2,2861.56
38,2,2025-11-03,8655,527,26,4136.9
39,2,2025-11-04,3347,210,5,2750.59
40,2,2025-11-05,13461,806,111,2663.22
41,2,2025-11-06,10855,413,53,2860.86
42,2,2025-11-07,16698,971,43,608.94
43,2,2025-11-08,13040,495,34,4832.92
44,2,2025-11-09,7076,383,42,1482.5
45,2,2025-11-10,19852,649,69,1465.97
46,2,2025-11-11,8941,247,17,4200.79
47,2,2025-11-12,6159,104,9,4697.01
48,2,2025-11-13,7859,391,22,4028.19
49,2,2025-11-14,14391,965,107,2111.01
50,2,2025-11-15,13583,351,50,3339.8
51,2,2025-11-16,6838,291,20,4909.89
52,2,2025-11-17,11958,672,98,4040.44
53,2,2025-11-18,17897,525,49,3332.44
54,2,2025-11-19,18555,1360,97,2549.7
55,2,2025-11-20,1333,48,1,617.93
56,2,2025-11-21,13041,815,42,1243.54
57,2,2025-11-22,19357,1478,61,4501.72
58,2,2025-11-23,10931,765,73,2579.32
59,2,2025-11-24,13497,383,37,2537.12
60,2,2025-11-25,4549,178,17,3306.48
61,2,2025-11-26,3863,134,7,2423.49
62,2,2025-11-27,15154,453,32,4200.33
63,3,2025-09-17,10447,279,9,2946.13
64,3,2025-09-18,15398,1019,28,3061.86
65,3,2025-09-19,9017,288,40,1275.08
66,3,2025-09-20,11489,778,29,2250.11
67,3,2025-09-21,13033,754,78,2336.86
68,3,2025-09-22,17783,551,64,3869.98
69,3,2025-09-23,2315,173,9,1590.24
70,3,2025-09-24,1326,77,8,4149.25
71,3,2025-09-25,6396,294,37,4292.36
72,3,2025-09-26,15513,219,29,3422.68
73,3,2025-09-27,15835,422,37,1436.54
74,3,2025-09-28,16159,976,135,4308.76
75,3,2025-09-29,1736,112,16,2658.9
76,3,2025-09-30,18806,221,15,1854.78
77,3,2025-10-01,15345,385,33,3331.85
78,3,2025-10-02,11285,346,16,4656.59
79,3,2025-10-03,6562,364,44,3106.92
80,3,2025-10-04,1424,67,3,763.75
81,3,2025-10-05,18942,581,30,3439.73
82,3,2025-10-06,8931,160,22,2507.13
83,3,2025-10-07,10215,548,19,3769.86
84,3,2025-10-08,19513,543,59,1975.97
85,3,2025-10-09,14835,390,40,2039.2
86,3,2025-10-10,14699,710,50,1187.45
87,3,2025-10-11,13030,835,108,3708.0
88,3,2025-10-12,17139,1176,120,4198.59
89,3,2025-10-13,9655,548,81,703.13
90,3,2025-10-14,11345,567,71,4740.24
91,3,2025-10-15,14933,1065,131,2016.44
92,3,2025-10-16,8648,395,33,4577.94
93,3,2025-10-17,10519,724,34,4872.51
94,3,2025-10-18,10716,660,73,4530.24
95,3,2025-10-19,3918,284,13,2317.89
96,3,2025-10-20,13387,473,21,2432.48
97,3,2025-10-21,18130,1135,60,2768.83
98,3,2025-10-22,9813,264,19,3176.48
99,3,2025-10-23,4520,215,23,3853.22
100,3,2025-10-24,3023,193,9,3496.27
101,3,2025-10-25,16085,876,92,1903.62
102,3,2025-10-26,1109,64,2,3078.1
103,3,2025-10-27,6161,284,30,3479.61
104,3,2025-10-28,16595,667,65,2293.0
105,3,2025-10-29,1489,39,1,1135.96
106,3,2025-10-30,16201,240,12,3573.27
107,3,2025-10-31,4278,44,1,1017.29
108,3,2025-11-01,19092,498,27,877.96
109,3,2025-11-02,1777,102,2,3374.46
110,3,2025-11-03,13332,462,43,3428.31
111,3,2025-11-04,19510,803,57,4598.01
112,3,2025-11-05,6806,88,8,1489.27
113,3,2025-11-06,16272,1004,95,2504.84
114,3,2025-11-07,19666,870,108,2440.05
115,3,2025-11-08,18341,1119,55,2520.44
116,3,2025-11-09,3241,171,4,2696.47
117,3,2025-11-10,16671,180,22,3542.5
118,3,2025-11-11,3442,104,14,746.71
119,3,2025-11-12,2202,94,9,4514.16
120,3,2025-11-13,7251,405,48,3887.4
121,3,2025-11-14,12830,341,12,2145.59
122,3,2025-11-15,3117,215,23,2696.74
123,3,2025-11-16,6124,228,30,830.77
124,3,2025-11-17,6539,181,12,3130.52
125,3,2025-11-18,16552,587,42,4576.77
126,3,2025-11-19,12910,228,27,4225.71
127,3,2025-11-20,14113,286,40,2834.96
128,3,2025-11-21,14101,721,17,2844.69
129,3,2025-11-22,5813,344,21,2325.78
130,3,2025-11-23,2487,41,1,1299.84
131,3,2025-11-24,8576,625,56,2814.68
132,3,2025-11-25,17613,420,23,2138.1
133,3,2025-11-26,11508,313,44,4480.95
134,3,2025-11-27,2025,98,10,3091.62
135,3,2025-11-28,14273,152,16,4342.63
136,3,2025-11-29,5817,216,26,3018.6
137,3,2025-11-30,17711,715,36,3096.91
138,3,2025-12-01,17010,410,11,4840.92
139,3,2025-12-02,15766,603,14,2131.34
140,3,2025-12-03,7809,102,4,2668.21
141,3,2025-12-04,2358,44,1,774.84
142,3,2025-12-05,17560,1252,122,3804.13
143,3,2025-12-06,19879,636,39,3586.13
144,3,2025-12-07,12436,214,14,967.6
145,3,2025-12-08,10300,549,20,807.26
146,3,2025-12-09,16719,487,67,4202.13
147,3,2025-12-10,12951,164,19,844.05
148,3,2025-12-11,18994,781,112,3022.0
149,3,2025-12-12,5360,235,15,4815.63
150,3,2025-12-13,10908,546,18,2615.44
151,3,2025-12-14,12993,174,10,1069.96
152,3,2025-12-15,17724,322,18,952.92
153,3,2025-12-16,1397,36,5,653.77
154,3,2025-12-17,10740,637,25,3802.0
155,3,2025-12-18,15467,761,22,4586.81
156,3,2025-12-19,10881,114,11,606.4
157,3,2025-12-20,12498,355,46,710.84
158,3,2025-12-21,18765,1195,128,2555.51
159,3,2025-12-22,6475,464,18,4142.83
160,3,2025-12-23,9138,419,61,3933.62
161,4,2025-08-06,10087,239,5,2168.44
162,4,2025-08-07,17191,377,21,2524.18
163,4,2025-08-08,13820,1077,45,4746.3
164,4,2025-08-09,14302,486,65,3027.8
165,4,2025-08-10,18794,478,48,2641.93
166,4,2025-08-11,19741,1325,31,4498.55
167,4,2025-08-12,5316,246,24,1811.23
168,4,2025-08-13,5574,239,13,1299.7
169,4,2025-08-14,17180,948,67,2889.83
170,4,2025-08-15,16168,688,23,1454.46
171,4,2025-08-16,12033,598,18,3561.46
172,4,2025-08-17,3390,194,11,4113.97
173,4,2025-08-18,17476,1169,151,3380.08
174,4,2025-08-19,13679,663,29,2601.33
175,4,2025-08-20,9806,739,42,3845.45
176,4,2025-08-21,10714,249,8,1522.71
177,4,2025-08-22,5421,257,29,3268.18
178,4,2025-08-23,3203,198,14,2084.23
179,4,2025-08-24,14414,1061,54,3113.25
180,4,2025-08-25,6263,245,34,2507.03
181,4,2025-08-26,3489,252,10,2322.34
182,4,2025-08-27,10662,160,3,2896.99
183,4,2025-08-28,4814,338,33,1303.49
184,4,2025-08-29,19018,750,67,3383.07
185,4,2025-08-30,17257,631,75,1473.41
186,4,2025-08-31,3110,125,7,2792.81
187,4,2025-09-01,1283,64,6,1196.42
188,4,2025-09-02,19054,1192,66,3328.69
189,4,2025-09-03,10910,337,33,524.29
190,4,2025-09-04,2635,193,21,839.73
191,4,2025-09-05,19358,1494,125,3912.15
192,4,2025-09-06,17487,410,14,1239.7
193,4,2025-09-07,8927,580,35,655.89
194,4,2025-09-08,2335,43,3,687.35
195,4,2025-09-09,9480,377,23,1443.17
196,4,2025-09-10,18028,311,44,3407.13
197,4,2025-09-11,11963,245,16,1702.01
198,4,2025-09-12,13405,328,41,4912.16
199,4,2025-09-13,16710,1208,28,4268.73
200,4,2025-09-14,9439,271,30,1440.39
201,4,2025-09-15,8816,178,8,4223.38
202,4,2025-09-16,7692,439,32,3357.63
203,4,2025-09-17,2566,186,4,3696.05
204,4,2025-09-18,3919,204,27,788.91
205,4,2025-09-19,18010,198,7,643.37
206,4,2025-09-20,8292,590,51,593.05
207,4,2025-09-21,9576,723,76,3750.56
208,4,2025-09-22,4703,155,17,3159.25
209,4,2025-09-23,4781,350,27,525.89
210,4,2025-09-24,6808,223,17,2499.4
211,4,2025-09-25,5253,279,8,4214.46
212,4,2025-09-26,10814,739,22,3513.99
213,4,2025-09-27,12420,586,64,977.0
214,4,2025-09-28,11948,186,17,3937.78
215,4,2025-09-29,8220,347,27,3849.37
216,4,2025-09-30,14665,172,23,2854.36
217,4,2025-10-01,4781,258,27,1240.76
218,4,2025-10-02,2348,181,27,3409.91
219,4,2025-10-03,12992,694,75,4076.75
220,4,2025-10-04,16476,669,83,3934.32
221,4,2025-10-05,9367,204,25,2782.27
222,4,2025-10-06,13451,1043,38,1553.24
223,4,2025-10-07,12626,329,15,1820.42
224,4,2025-10-08,15511,1176,125,1590.7
225,4,2025-10-09,7699,286,16,2584.02
226,4,2025-10-10,4599,223,21,4321.21
227,4,2025-10-11,4444,99,10,2564.02
228,4,2025-10-12,12341,694,69,1135.5
229,4,2025-10-13,17676,264,32,3885.14
230,4,2025-10-14,10328,171,9,665.69
231,4,2025-10-15,14792,910,76,2931.65
232,4,2025-10-16,19396,377,55,918.03
233,4,2025-10-17,10616,299,33,1917.33
234,4,2025-10-18,3440,59,7,2489.39
235,4,2025-10-19,15209,965,116,1653.84
236,4,2025-10-20,15171,750,62,4342.33
237,4,2025-10-21,3840,263,17,1297.53
238,4,2025-10-22,3242,207,12,2834.99
239,4,2025-10-23,12196,325,15,4783.12
240,4,2025-10-24,16520,303,33,3094.45
241,4,2025-10-25,15698,528,22,1639.34
242,4,2025-10-26,7074,492,19,2456.45
243,4,2025-10-27,18755,832,85,2330.96
244,4,2025-10-28,7502,111,4,739.84
245,4,2025-10-29,10811,537,65,4190.14
246,4,2025-10-30,12423,168,9,1817.48
247,4,2025-10-31,7949,608,16,4202.41
248,4,2025-11-01,7874,389,52,4104.95
249,4,2025-11-02,8780,401,9,3773.89
250,4,2025-11-03,5497,426,14,4267.06
251,4,2025-11-04,6845,458,19,4977.24
252,4,2025-11-05,19690,974,39,2427.09
253,4,2025-11-06,5393,296,16,787.21
254,4,2025-11-07,15320,785,117,2841.48
255,4,2025-11-08,5701,334,32,3117.38
256,4,2025-11-09,18517,1422,210,3605.98
257,4,2025-11-10,15526,1031,22,2376.1
258,4,2025-11-11,14905,159,9,4910.29
259,4,2025-11-12,11133,494,32,3275.93
260,4,2025-11-13,13531,657,19,1754.06
261,4,2025-11-14,10963,140,13,688.63
262,4,2025-11-15,8761,444,55,1578.42
263,4,2025-11-16,6924,350,26,815.9
264,4,2025-11-17,5289,123,3,1697.64
265,4,2025-11-18,3887,143,20,1213.74
266,4,2025-11-19,10729,467,66,2605.05
267,4,2025-11-20,7955,220,4,3116.33
268,4,2025-11-21,18547,554,39,2146.34
269,4,2025-11-22,5356,182,6,2388.1
270,4,2025-11-23,1101,75,10,2658.33
271,4,2025-11-24,17282,803,64,1478.75
272,4,2025-11-25,15121,551,64,3904.81
273,4,2025-11-26,9679,179,7,2189.77
274,4,2025-11-27,18078,1428,179,4313.72
275,4,2025-11-28,13769,345,29,3578.61
276,4,2025-11-29,14293,1101,161,2278.14
277,4,2025-11-30,18057,232,23,4736.76
278,4,2025-12-01,17867,589,36,1648.83
279,4,2025-12-02,19997,217,23,1391.06
280,4,2025-12-03,15038,200,24,4020.88
281,4,2025-12-04,18923,288,14,3843.67
282,4,2025-12-05,1907,139,18,4041.69
283,4,2025-12-06,10971,227,24,851.16
284,4,2025-12-07,12290,763,69,4913.01
285,4,2025-12-08,17033,1344,196,3275.24
286,4,2025-12-09,3828,220,30,599.03
287,4,2025-12-10,8217,423,57,4717.15
288,4,2025-12-11,8748,239,35,1797.17
289,4,2025-12-12,6636,372,27,4280.8
290,4,2025-12-13,8222,135,17,1886.62
291,4,2025-12-14,19920,209,25,1691.03
292,4,2025-12-15,16104,796,53,2891.16
293,4,2025-12-16,19786,898,90,1256.36
294,5,2026-05-26,14986,527,61,1256.09
295,5,2026-05-27,2888,75,5,1585.18
296,5,2026-05-28,17189,1100,85,4141.84
297,5,2026-05-29,6940,461,20,931.66
298,5,2026-05-30,7454,565,31,4178.6
299,5,2026-05-31,19465,333,35,1449.42
300,5,2026-06-01,7532,513,38,1593.3
301,5,2026-06-02,18981,1517,150,1214.51
302,5,2026-06-03,8619,466,21,636.47
303,5,2026-06-04,11170,355,12,2717.24
304,5,2026-06-05,11224,377,16,2825.36
305,5,2026-06-06,13634,1089,68,4669.31
306,5,2026-06-07,11182,234,30,3562.87
307,5,2026-06-08,13017,882,100,4438.88
308,5,2026-06-09,2977,185,7,1472.7
309,6,2026-04-13,14412,1003,25,2880.4
310,6,2026-04-14,18879,433,63,784.71
311,6,2026-04-15,9288,547,62,1290.87
312,6,2026-04-16,12663,941,112,4588.04
313,6,2026-04-17,7109,83,12,933.94
314,6,2026-04-18,2610,127,2,2806.62
315,6,2026-04-19,15520,911,47,4779.69
316,6,2026-04-20,15869,225,19,2555.88
317,6,2026-04-21,5567,78,6,2198.79
318,6,2026-04-22,1500,21,1,1665.73
319,6,2026-04-23,12787,801,87,2704.16
320,6,2026-04-24,18153,1021,116,4257.11
321,6,2026-04-25,15945,463,45,2775.9
322,6,2026-04-26,6698,375,21,3527.85
323,6,2026-04-27,13471,1031,129,789.04
324,6,2026-04-28,13338,303,23,1553.22
325,6,2026-04-29,5368,201,24,3688.13
326,6,2026-04-30,4064,42,1,2716.65
327,6,2026-05-01,5606,231,12,3321.63
328,6,2026-05-02,12215,446,11,4166.36
329,7,2025-08-18,4293,58,1,3666.27
330,7,2025-08-19,4938,351,44,4825.41
331,7,2025-08-20,4128,222,15,4919.68
332,7,2025-08-21,5393,105,7,1038.44
333,7,2025-08-22,10978,731,34,1775.57
334,7,2025-08-23,6654,472,48,1891.73
335,7,2025-08-24,15499,719,36,1686.43
336,7,2025-08-25,13861,724,62,1440.66
337,7,2025-08-26,6806,473,34,2672.64
338,7,2025-08-27,1920,99,12,3654.07
339,7,2025-08-28,9077,588,86,2460.52
340,7,2025-08-29,19045,416,37,1772.01
341,7,2025-08-30,5189,131,12,2028.98
342,7,2025-08-31,15792,218,12,2877.64
343,7,2025-09-01,16937,1162,56,1289.87
344,7,2025-09-02,18670,488,53,4383.87
345,7,2025-09-03,19255,1015,32,2875.5
346,7,2025-09-04,10060,801,112,964.42
347,7,2025-09-05,18350,1194,131,1174.59
348,7,2025-09-06,17135,765,103,1260.23
349,7,2025-09-07,16894,514,42,2912.32
350,7,2025-09-08,17554,961,44,3379.34
351,7,2025-09-09,6764,448,53,1331.89
352,7,2025-09-10,19577,289,26,2956.62
353,7,2025-09-11,13587,928,124,3064.66
354,7,2025-09-12,7816,261,31,551.74
355,7,2025-09-13,15832,1162,119,663.43
356,7,2025-09-14,8608,517,36,1947.11
357,7,2025-09-15,12946,692,91,3984.71
358,7,2025-09-16,8902,612,64,3980.24
359,7,2025-09-17,15030,385,40,2613.91
360,7,2025-09-18,17785,841,89,2611.28
361,7,2025-09-19,7926,372,45,1963.57
362,7,2025-09-20,12553,487,43,3267.14
363,7,2025-09-21,2073,114,4,4847.0
364,7,2025-09-22,17339,1053,50,3578.36
365,7,2025-09-23,19724,223,14,2104.79
366,7,2025-09-24,14788,343,26,2092.68
367,7,2025-09-25,5076,203,23,3460.49
368,7,2025-09-26,2085,166,9,1411.15
369,7,2025-09-27,14911,1155,61,2341.6
370,7,2025-09-28,1392,98,8,4137.88
371,7,2025-09-29,3349,49,2,2677.92
372,7,2025-09-30,12501,739,24,4317.23
373,7,2025-10-01,10087,398,36,629.34
374,7,2025-10-02,17189,1245,66,2600.78
375,7,2025-10-03,17338,341,37,4308.99
376,7,2025-10-04,8193,503,58,2989.76
377,7,2025-10-05,19349,1250,94,3346.41
378,7,2025-10-06,2155,88,2,1334.23
379,7,2025-10-07,15364,1043,53,1832.82
380,7,2025-10-08,15028,1194,128,4473.14
381,7,2025-10-09,17932,631,56,1832.61
382,7,2025-10-10,9882,238,16,4640.65
383,7,2025-10-11,10190,330,20,573.45
384,7,2025-10-12,19131,455,61,4143.24
385,7,2025-10-13,16464,172,8,733.72
386,7,2025-10-14,14073,493,38,3770.92
387,7,2025-10-15,17230,809,101,3576.55
388,7,2025-10-16,14907,1095,86,1675.42
389,7,2025-10-17,11194,709,92,4324.15
390,7,2025-10-18,10500,314,32,3107.32
391,7,2025-10-19,9752,688,19,4814.48
392,7,2025-10-20,5543,433,18,3650.56
393,7,2025-10-21,5250,287,26,2484.54
394,7,2025-10-22,5254,162,13,4192.21
395,7,2025-10-23,11926,504,36,4143.36
396,7,2025-10-24,7105,475,41,808.12
397,7,2025-10-25,10479,733,109,4762.08
398,7,2025-10-26,1791,78,5,3891.88
399,7,2025-10-27,6274,189,25,2843.27
400,7,2025-10-28,10184,786,52,1191.74
401,7,2025-10-29,4809,128,5,698.28
402,7,2025-10-30,9895,138,11,2915.97
403,7,2025-10-31,4476,350,43,4217.23
404,7,2025-11-01,17801,864,43,1017.14
405,7,2025-11-02,10127,446,21,1002.87
406,7,2025-11-03,16929,377,38,720.54
407,7,2025-11-04,17461,436,50,933.35
408,7,2025-11-05,16241,295,23,4203.51
409,7,2025-11-06,18881,1505,75,2410.24
410,7,2025-11-07,4022,94,13,2263.78
411,7,2025-11-08,18133,958,132,1518.32
412,7,2025-11-09,9132,520,75,4483.94
413,7,2025-11-10,18257,702,45,1283.44
414,7,2025-11-11,3244,178,7,3357.08
415,7,2025-11-12,1052,40,4,907.72
416,7,2025-11-13,4553,285,27,3686.17
417,7,2025-11-14,5212,355,42,2090.15
418,7,2025-11-15,6749,146,10,3230.72
419,7,2025-11-16,17442,274,25,4778.11
420,7,2025-11-17,14640,638,27,4442.18
421,7,2025-11-18,15230,305,42,2220.09
422,7,2025-11-19,15221,1130,49,1387.37
423,7,2025-11-20,8959,675,53,2191.27
424,7,2025-11-21,7160,377,38,3886.32
425,7,2025-11-22,14067,384,26,3500.3
426,7,2025-11-23,9844,519,48,2852.64
427,7,2025-11-24,5326,333,9,637.35
428,7,2025-11-25,19595,842,51,1485.36
429,7,2025-11-26,6443,427,35,1193.78
430,7,2025-11-27,13111,856,35,1150.57
431,7,2025-11-28,8696,170,21,1584.04
432,7,2025-11-29,2410,58,6,534.32
433,7,2025-11-30,1781,89,11,1134.5
434,7,2025-12-01,1246,51,3,2744.84
435,7,2025-12-02,4921,291,31,4864.31
436,7,2025-12-03,2982,103,7,2191.98
437,7,2025-12-04,11686,179,12,2310.52
438,7,2025-12-05,12097,913,37,2463.21
439,7,2025-12-06,3168,164,23,2683.99
440,7,2025-12-07,14150,469,56,3530.05
441,7,2025-12-08,10166,616,47,2923.29
442,7,2025-12-09,8105,402,12,3645.03
443,7,2025-12-10,10399,503,35,1665.94
444,7,2025-12-11,1080,32,1,1822.8
445,7,2025-12-12,7121,453,17,526.7
446,7,2025-12-13,1340,67,9,909.58
447,7,2025-12-14,18771,562,39,3054.74
448,7,2025-12-15,3300,162,18,1674.17
449,7,2025-12-16,19105,638,27,526.43
450,7,2025-12-17,17884,184,7,875.37
451,7,2025-12-18,14013,388,37,2516.72
452,7,2025-12-19,12212,402,39,1939.5
453,7,2025-12-20,4563,80,10,4352.5
454,7,2025-12-21,8628,231,10,2259.52
455,7,2025-12-22,12647,563,76,2122.99
456,7,2025-12-23,1799,54,5,1925.57
457,7,2025-12-24,13923,844,29,1928.18
458,7,2025-12-25,1665,76,8,4150.98
459,7,2025-12-26,14501,1067,126,2997.28
460,7,2025-12-27,3306,243,7,4485.15
461,7,2025-12-28,2471,73,5,1163.04
462,7,2025-12-29,5765,323,31,4673.32
463,7,2025-12-30,4666,372,24,3359.66
464,7,2025-12-31,7181,251,19,3123.45
465,7,2026-01-01,18068,1103,139,2235.53
466,7,2026-01-02,17698,323,28,1492.31
467,7,2026-01-03,8424,551,74,984.46
468,7,2026-01-04,9143,538,52,1284.27
469,7,2026-01-05,12415,900,49,4656.69
470,7,2026-01-06,5613,327,18,1869.97
471,7,2026-01-07,5496,135,7,3839.85
472,7,2026-01-08,5647,418,19,1229.89
473,7,2026-01-09,8963,454,11,2985.6
474,7,2026-01-10,18927,895,119,4860.71
475,7,2026-01-11,6906,106,7,4123.08
476,7,2026-01-12,15125,1163,47,2438.3
477,7,2026-01-13,17269,1185,80,1742.92
478,7,2026-01-14,17932,315,13,4255.08
479,7,2026-01-15,9817,453,18,2781.89
480,7,2026-01-16,4398,57,8,3851.22
481,7,2026-01-17,19512,1071,106,1925.1
482,7,2026-01-18,16993,1086,68,3604.04
483,7,2026-01-19,18788,331,22,4953.65
484,7,2026-01-20,8766,504,17,2732.12
485,7,2026-01-21,3411,200,19,553.78
486,7,2026-01-22,19942,1497,136,2209.8
487,7,2026-01-23,13834,147,4,2435.97
488,7,2026-01-24,1119,48,5,2714.89
489,7,2026-01-25,15057,252,27,4642.64
490,7,2026-01-26,8673,407,50,3982.55
491,7,2026-01-27,16560,809,68,3648.67
492,7,2026-01-28,15899,802,51,3997.91
493,7,2026-01-29,6972,471,49,755.92
494,7,2026-01-30,6372,438,40,1856.26
495,7,2026-01-31,16431,1283,120,1826.21
496,7,2026-02-01,1877,106,10,801.63
497,7,2026-02-02,16790,581,12,3295.86
498,7,2026-02-03,5476,251,36,3127.06
499,7,2026-02-04,15567,168,20,2285.75
500,7,2026-02-05,6833,541,77,739.56
501,7,2026-02-06,12952,859,119,665.35
502,7,2026-02-07,9076,388,57,4611.75
503,7,2026-02-08,2482,68,4,4159.19
504,7,2026-02-09,19222,795,49,2877.79
505,7,2026-02-10,19775,1057,59,3114.81
506,7,2026-02-11,15074,693,46,4236.54
507,7,2026-02-12,17630,334,10,3142.06
508,7,2026-02-13,2831,99,1,3005.21
509,7,2026-02-14,17763,495,14,2019.42
510,7,2026-02-15,1824,35,1,1608.52
511,7,2026-02-16,4756,297,15,693.84
512,7,2026-02-17,3560,134,18,1141.55
513,7,2026-02-18,15091,280,27,679.29
514,7,2026-02-19,17852,376,40,1687.82
515,7,2026-02-20,5768,222,26,1647.25
516,7,2026-02-21,18313,1114,127,3080.55
517,7,2026-02-22,16746,177,6,3359.34
518,7,2026-02-23,14927,1158,131,3176.53
519,7,2026-02-24,11655,612,72,2482.14
520,7,2026-02-25,19232,534,51,612.07
521,7,2026-02-26,12202,778,108,2144.89
522,7,2026-02-27,7459,581,24,4644.24
523,7,2026-02-28,19234,1333,36,3272.39
524,7,2026-03-01,1168,48,4,1051.74
525,7,2026-03-02,2500,46,6,4778.32
526,7,2026-03-03,18900,1498,202,3118.03
527,7,2026-03-04,14259,491,39,3751.68
528,7,2026-03-05,1181,35,1,2393.18
529,7,2026-03-06,2308,119,17,2716.72
530,7,2026-03-07,5095,313,7,2947.05
531,7,2026-03-08,13784,299,42,2979.74
532,7,2026-03-09,9333,428,21,2332.19
533,7,2026-03-10,11561,327,24,3984.92
534,7,2026-03-11,5329,197,9,4961.39
535,7,2026-03-12,3561,63,9,2830.19
536,7,2026-03-13,3986,174,10,2290.94
537,7,2026-03-14,6441,217,9,3683.72
538,7,2026-03-15,7261,275,37,4549.53
539,7,2026-03-16,17163,1237,182,2183.72
540,7,2026-03-17,17269,584,33,3990.2
541,7,2026-03-18,14649,306,22,1190.54
542,7,2026-03-19,5249,363,11,2360.1
543,7,2026-03-20,19734,967,65,4033.81
544,7,2026-03-21,12209,507,52,1849.77
545,7,2026-03-22,12118,440,25,3359.56
546,7,2026-03-23,5986,231,15,3332.36
547,7,2026-03-24,6627,266,13,4145.69
548,7,2026-03-25,9507,101,9,2281.76
549,7,2026-03-26,15854,935,70,1743.4
550,7,2026-03-27,17306,1289,158,2827.2
551,7,2026-03-28,4050,252,23,2719.32
552,7,2026-03-29,2368,95,11,1306.19
553,7,2026-03-30,4262,205,30,2125.1
554,7,2026-03-31,18245,386,32,1453.69
555,7,2026-04-01,7772,482,60,1956.85
556,7,2026-04-02,6412,324,26,4304.96
557,7,2026-04-03,12575,728,20,1574.62
558,7,2026-04-04,12883,278,10,1633.82
559,7,2026-04-05,12702,878,108,1092.68
560,7,2026-04-06,8221,108,12,1027.49
561,7,2026-04-07,2424,144,18,1370.94
562,7,2026-04-08,18071,586,43,1945.54
563,7,2026-04-09,3275,230,12,1205.81
564,7,2026-04-10,11093,728,104,3446.34
565,7,2026-04-11,14516,388,56,3022.95
566,7,2026-04-12,11249,179,26,3430.23
567,7,2026-04-13,16583,903,28,1246.88
568,7,2026-04-14,15513,945,72,1010.73
569,7,2026-04-15,14037,273,39,3011.17
570,7,2026-04-16,10963,861,83,569.83
571,7,2026-04-17,10127,427,61,2536.63
572,7,2026-04-18,6010,326,24,1490.98
573,7,2026-04-19,15396,424,46,1921.54
574,7,2026-04-20,4730,262,8,4353.9
575,7,2026-04-21,17026,1070,100,3083.29
576,7,2026-04-22,4013,278,7,4519.52
577,7,2026-04-23,10539,238,9,1607.53
578,7,2026-04-24,4226,183,8,3496.48
579,7,2026-04-25,8812,672,100,1676.84
580,7,2026-04-26,14274,631,76,2707.7
581,7,2026-04-27,3857,301,16,4288.27
582,7,2026-04-28,2565,181,3,1302.12
583,7,2026-04-29,6932,479,55,4982.1
584,7,2026-04-30,19039,600,44,3281.74
585,7,2026-05-01,18914,237,13,577.02
586,7,2026-05-02,14308,689,75,2583.0
587,7,2026-05-03,1835,29,1,3351.64
588,7,2026-05-04,6490,429,30,3144.21
589,7,2026-05-05,5467,71,7,1208.58
590,7,2026-05-06,19821,683,63,1373.39
591,7,2026-05-07,19544,1342,143,2365.32
592,7,2026-05-08,3489,78,11,2318.48
593,7,2026-05-09,2089,46,4,3194.64
594,7,2026-05-10,19362,631,55,815.53
595,7,2026-05-11,8813,109,12,2237.87
596,7,2026-05-12,14543,529,51,874.46
597,7,2026-05-13,5977,292,16,2996.59
598,7,2026-05-14,11233,796,56,625.3
599,7,2026-05-15,7775,196,17,4882.09
600,7,2026-05-16,4834,231,13,3588.59
601,7,2026-05-17,16356,434,46,2710.08
602,7,2026-05-18,9599,678,33,4268.78
603,7,2026-05-19,18982,695,15,1193.48
604,7,2026-05-20,6189,208,23,2085.47
605,8,2026-02-01,13978,1077,28,1162.47
606,8,2026-02-02,8488,643,52,2562.08
607,8,2026-02-03,8505,419,24,3120.86
608,8,2026-02-04,9290,445,11,2354.04
609,8,2026-02-05,11421,429,54,1873.71
610,8,2026-02-06,16296,944,25,3630.16
611,8,2026-02-07,16713,532,43,4841.22
612,8,2026-02-08,5795,421,24,2296.12
613,8,2026-02-09,9764,568,83,4262.11
614,8,2026-02-10,19800,588,20,1979.17
615,8,2026-02-11,15793,262,9,2373.48
616,8,2026-02-12,2632,147,8,3274.48
617,8,2026-02-13,14482,870,59,3226.75
618,8,2026-02-14,12492,322,27,3404.03
619,8,2026-02-15,10923,347,32,3957.12
620,8,2026-02-16,17296,1177,82,1130.09
621,8,2026-02-17,8776,668,65,1725.82
622,8,2026-02-18,18981,331,34,4179.6
623,8,2026-02-19,1869,97,5,3678.83
624,8,2026-02-20,4687,76,8,1801.08
625,8,2026-02-21,13625,1077,93,1047.55
626,8,2026-02-22,15153,311,30,3854.46
627,8,2026-02-23,10767,387,24,1624.65
628,8,2026-02-24,11903,187,17,3366.0
629,8,2026-02-25,17772,645,80,4390.27
630,8,2026-02-26,5794,216,20,4249.99
631,8,2026-02-27,7204,181,9,3521.95
632,8,2026-02-28,14411,1008,80,2237.04
633,8,2026-03-01,6692,352,29,4497.35
634,8,2026-03-02,1528,66,2,946.14
635,8,2026-03-03,10317,682,45,734.28
636,8,2026-03-04,4205,86,6,3662.73
637,8,2026-03-05,8712,609,26,4339.93
638,8,2026-03-06,6794,389,17,3280.13
639,8,2026-03-07,11241,839,36,1818.73
640,8,2026-03-08,3933,217,29,3885.08
641,8,2026-03-09,2956,171,4,4622.07
642,8,2026-03-10,13049,604,56,994.84
643,8,2026-03-11,4217,154,20,3725.11
644,9,2026-06-09,1892,100,7,2120.89
645,9,2026-06-10,16736,942,48,2584.41
646,9,2026-06-11,12783,855,108,3660.6
647,9,2026-06-12,2761,37,2,3742.99
648,9,2026-06-13,2688,161,15,4482.84
649,10,2026-04-10,11757,336,22,1990.2
650,10,2026-04-11,19572,788,91,1459.12
651,10,2026-04-12,1160,75,4,3336.37
652,10,2026-04-13,9935,395,27,1641.81
653,10,2026-04-14,13528,1050,76,2372.02
654,10,2026-04-15,9382,164,20,1279.4
655,10,2026-04-16,5365,348,8,2453.62
656,10,2026-04-17,3031,192,25,3784.08
657,10,2026-04-18,6846,133,9,1899.64
658,10,2026-04-19,9574,609,86,2029.26
659,10,2026-04-20,3139,106,2,2454.33
660,10,2026-04-21,15885,1004,43,4321.44
661,10,2026-04-22,12939,801,97,4254.09
662,10,2026-04-23,9285,467,10,1992.8
663,10,2026-04-24,5512,119,16,1683.85
664,10,2026-04-25,3924,62,1,2333.05
665,10,2026-04-26,13154,969,121,1159.31
666,10,2026-04-27,14177,1106,101,3048.99
667,10,2026-04-28,16696,953,85,1500.84
668,10,2026-04-29,15139,1088,116,1283.98
669,10,2026-04-30,17847,550,79,1646.04
670,10,2026-05-01,4079,45,5,679.71
671,10,2026-05-02,18979,325,38,3342.6
672,10,2026-05-03,2182,99,2,1696.24
673,10,2026-05-04,14410,211,28,4522.94
674,10,2026-05-05,9306,602,75,3349.84
675,10,2026-05-06,16570,1129,148,4847.03
676,10,2026-05-07,14351,822,115,1564.17
677,10,2026-05-08,3718,81,5,4571.18
678,10,2026-05-09,16532,254,19,4600.98
679,10,2026-05-10,4272,125,2,2110.75
680,10,2026-05-11,3135,204,24,2117.11
681,10,2026-05-12,9959,782,77,3264.29
682,10,2026-05-13,14059,606,53,4467.09
683,10,2026-05-14,5821,118,13,3709.7
684,10,2026-05-15,15111,673,68,1050.22
685,10,2026-05-16,9245,220,7,4221.99
686,10,2026-05-17,7204,173,20,1600.77
687,10,2026-05-18,12772,748,70,1476.65
688,10,2026-05-19,6925,408,35,3121.8
689,10,2026-05-20,13125,468,10,1823.77
690,10,2026-05-21,12183,850,65,3139.46
691,10,2026-05-22,19313,731,57,1660.83
692,10,2026-05-23,12275,129,15,4550.02
693,10,2026-05-24,9494,382,52,3599.13
694,10,2026-05-25,4389,212,27,4224.52
695,10,2026-05-26,15136,1023,60,4015.21
696,10,2026-05-27,8104,256,35,2974.55
697,10,2026-05-28,13994,471,25,1955.65
698,10,2026-05-29,9632,350,34,1959.78
699,10,2026-05-30,17038,810,20,2969.17
700,10,2026-05-31,4125,166,15,3212.02
701,10,2026-06-01,14704,477,48,1062.58
702,10,2026-06-02,18877,1201,24,1212.58
703,10,2026-06-03,8766,638,30,2210.47
704,10,2026-06-04,5032,306,19,2442.89
705,10,2026-06-05,12502,721,103,4286.17
706,10,2026-06-06,4372,136,7,1606.96
707,11,2025-06-24,8031,261,23,4115.58
708,11,2025-06-25,18225,1262,183,649.31
709,11,2025-06-26,12045,651,65,2158.27
710,11,2025-06-27,15620,363,18,3010.48
711,11,2025-06-28,7007,472,44,4101.36
712,11,2025-06-29,14727,923,88,4844.04
713,11,2025-06-30,1507,16,0,3141.2
714,11,2025-07-01,7454,369,14,2269.93
715,11,2025-07-02,3620,210,11,1106.82
716,11,2025-07-03,7890,483,55,2147.78
717,11,2025-07-04,10734,831,16,3498.88
718,11,2025-07-05,6687,214,26,1008.89
719,11,2025-07-06,4287,55,5,1691.05
720,11,2025-07-07,3513,279,29,3057.46
721,11,2025-07-08,7561,321,39,4207.55
722,11,2025-07-09,15718,667,81,4317.74
723,11,2025-07-10,7265,187,8,4434.09
724,11,2025-07-11,17558,598,68,1831.4
725,11,2025-07-12,7855,375,42,1736.92
726,11,2025-07-13,17128,1189,96,2566.06
727,11,2025-07-14,3421,151,12,4589.34
728,11,2025-07-15,4849,236,6,2374.39
729,11,2025-07-16,7411,359,18,4872.3
730,11,2025-07-17,13343,833,78,4658.17
731,11,2025-07-18,3910,150,3,1968.92
732,11,2025-07-19,7222,495,15,681.52
733,11,2025-07-20,15280,757,30,3404.04
734,11,2025-07-21,19719,1433,165,2395.82
735,11,2025-07-22,19266,1068,56,4506.9
736,11,2025-07-23,18716,558,41,3758.49
737,11,2025-07-24,18210,1161,119,1594.68
738,11,2025-07-25,11195,875,93,2333.35
739,11,2025-07-26,16645,1095,22,2525.98
740,11,2025-07-27,11978,349,38,887.25
741,11,2025-07-28,15204,868,59,4727.59
742,11,2025-07-29,15892,347,45,3856.01
743,11,2025-07-30,11149,175,13,1397.77
744,11,2025-07-31,5790,386,8,3324.1
745,11,2025-08-01,13363,702,26,2055.44
746,11,2025-08-02,7633,526,31,4276.73
747,11,2025-08-03,16811,177,11,3945.05
748,11,2025-08-04,17398,447,23,1568.55
749,11,2025-08-05,10349,565,25,3194.23
750,11,2025-08-06,12906,200,18,4152.67
751,11,2025-08-07,17982,1255,149,4781.99
752,11,2025-08-08,13463,845,97,3506.24
753,11,2025-08-09,14784,514,36,2329.47
754,11,2025-08-10,14006,1064,121,2024.17
755,11,2025-08-11,8296,505,37,4264.29
756,11,2025-08-12,15254,885,111,3723.17
757,11,2025-08-13,12168,865,41,3627.86
758,11,2025-08-14,8045,349,45,2130.52
759,11,2025-08-15,16250,319,25,882.72
760,11,2025-08-16,11740,422,53,820.21
761,11,2025-08-17,14206,650,83,2469.15
762,11,2025-08-18,10100,677,55,4164.32
763,11,2025-08-19,5023,181,13,1965.99
764,11,2025-08-20,6515,279,24,1865.24
765,11,2025-08-21,2522,139,6,4837.63
766,11,2025-08-22,16684,948,94,1924.64
767,11,2025-08-23,11028,689,32,1894.27
768,11,2025-08-24,2017,132,19,1852.62
769,11,2025-08-25,15133,801,24,3593.82
770,11,2025-08-26,12063,803,44,693.29
771,11,2025-08-27,9794,589,66,3113.32
772,11,2025-08-28,3687,152,22,4686.14
773,11,2025-08-29,17512,442,24,751.69
774,11,2025-08-30,9692,675,76,2003.74
775,11,2025-08-31,6892,132,7,4316.84
776,11,2025-09-01,19228,1376,179,4684.93
777,11,2025-09-02,17217,351,39,1921.01
778,11,2025-09-03,6379,175,5,2857.19
779,11,2025-09-04,1195,88,2,1632.62
780,11,2025-09-05,3586,284,29,4859.83
781,11,2025-09-06,12202,880,50,3522.68
782,11,2025-09-07,6940,112,14,2600.24
783,11,2025-09-08,10773,189,22,4005.22
784,11,2025-09-09,8574,678,31,4301.1
785,11,2025-09-10,11014,417,33,1526.34
786,11,2025-09-11,8748,287,41,697.15
787,11,2025-09-12,8058,464,63,3070.6
788,11,2025-09-13,11945,484,27,4452.02
789,11,2025-09-14,12790,180,24,952.99
790,11,2025-09-15,2506,192,9,2895.59
791,11,2025-09-16,10212,183,11,1599.31
792,11,2025-09-17,12417,162,9,759.96
793,11,2025-09-18,10977,814,121,1859.63
794,11,2025-09-19,15829,796,78,1098.09
795,11,2025-09-20,19382,943,79,3731.46
796,11,2025-09-21,6032,380,43,586.35
797,11,2025-09-22,12735,800,119,2540.28
798,11,2025-09-23,14776,426,43,964.77
799,11,2025-09-24,17356,813,89,3039.3
800,11,2025-09-25,15506,291,21,921.37
801,11,2025-09-26,13092,318,19,4985.47
802,11,2025-09-27,4313,112,4,2932.23
803,11,2025-09-28,19125,863,63,3737.77
804,11,2025-09-29,10617,263,21,2623.35
805,11,2025-09-30,8291,299,14,2603.94
806,11,2025-10-01,13851,619,29,1888.7
807,11,2025-10-02,3111,177,4,930.94
808,11,2025-10-03,15982,319,13,1713.03
809,11,2025-10-04,9674,297,38,4197.66
810,11,2025-10-05,10571,261,25,2210.39
811,11,2025-10-06,8324,150,20,4463.25
812,11,2025-10-07,13013,401,10,1372.19
813,11,2025-10-08,2124,164,6,4668.83
814,11,2025-10-09,9759,447,43,4782.37
815,11,2025-10-10,2495,150,16,4188.8
816,11,2025-10-11,15860,967,22,2386.67
817,11,2025-10-12,18906,470,64,2084.27
818,11,2025-10-13,13300,829,44,802.65
819,11,2025-10-14,16441,204,6,3133.41
820,11,2025-10-15,5733,228,12,1900.62
821,11,2025-10-16,14165,633,88,3128.36
822,11,2025-10-17,12877,241,8,3626.52
823,11,2025-10-18,6441,362,22,3049.06
824,11,2025-10-19,2779,41,3,1770.16
825,11,2025-10-20,10471,506,29,1423.81
826,11,2025-10-21,19396,226,7,2650.74
827,11,2025-10-22,3765,72,7,4407.77
828,11,2025-10-23,19550,1162,44,2628.18
829,11,2025-10-24,18602,1007,40,1154.07
830,11,2025-10-25,4197,180,21,1560.27
831,11,2025-10-26,7713,405,41,3073.55
832,11,2025-10-27,12040,947,127,2059.08
833,11,2025-10-28,17962,692,36,2935.2
834,11,2025-10-29,12216,264,25,4022.91
835,11,2025-10-30,17466,505,24,2946.46
836,11,2025-10-31,15537,647,92,4813.8
837,11,2025-11-01,18003,993,110,3451.89
838,11,2025-11-02,4117,278,39,4721.88
839,11,2025-11-03,8687,144,12,754.06
840,11,2025-11-04,10188,357,33,1998.03
841,11,2025-11-05,15527,449,19,965.48
842,11,2025-11-06,4770,223,20,1933.57
843,11,2025-11-07,3419,35,2,1945.65
844,11,2025-11-08,1670,103,15,4901.76
845,11,2025-11-09,15367,889,71,4303.28
846,11,2025-11-10,6883,543,59,1046.89
847,11,2025-11-11,14204,789,86,3814.78
848,11,2025-11-12,8843,665,47,1066.41
849,11,2025-11-13,14320,955,70,673.37
850,11,2025-11-14,14382,1102,34,4365.28
851,11,2025-11-15,11389,408,53,588.19
852,11,2025-11-16,2346,106,6,2186.13
853,11,2025-11-17,12333,459,15,3957.4
854,11,2025-11-18,9587,196,27,1790.25
855,11,2025-11-19,1906,117,3,621.88
856,11,2025-11-20,3393,259,24,517.23
857,11,2025-11-21,7466,168,4,2987.09
858,11,2025-11-22,14675,919,136,1469.93
859,11,2025-11-23,10220,178,26,3933.26
860,11,2025-11-24,3253,180,24,3458.54
861,11,2025-11-25,6096,215,20,4987.94
862,11,2025-11-26,14517,967,89,4875.58
863,11,2025-11-27,4226,300,41,3387.66
864,11,2025-11-28,10692,731,80,3724.24
865,11,2025-11-29,4403,346,11,3210.3
866,11,2025-11-30,9172,282,40,4938.59
867,11,2025-12-01,11123,332,8,1117.89
868,11,2025-12-02,10442,361,19,2283.35
869,11,2025-12-03,9403,740,100,2338.41
870,11,2025-12-04,13990,1010,137,1094.2
871,11,2025-12-05,4031,64,5,683.9
872,11,2025-12-06,15116,462,20,3401.0
873,11,2025-12-07,4671,97,4,3569.15
874,11,2025-12-08,17066,410,22,892.3
875,11,2025-12-09,9674,207,15,3613.81
876,11,2025-12-10,19971,1454,48,3867.11
877,11,2025-12-11,8799,694,41,1815.04
878,11,2025-12-12,5561,295,40,1690.1
879,11,2025-12-13,1234,18,1,1105.29
880,11,2025-12-14,10376,427,21,1737.47
881,11,2025-12-15,7785,393,13,3264.03
882,11,2025-12-16,19273,1355,173,1646.64
883,11,2025-12-17,5499,230,26,2108.32
884,11,2025-12-18,19860,218,9,1512.29
885,11,2025-12-19,19301,873,99,4289.4
886,11,2025-12-20,13273,888,41,4032.86
887,11,2025-12-21,3626,125,14,4582.45
888,11,2025-12-22,10790,492,22,2902.89
889,11,2025-12-23,16115,901,124,2519.87
890,11,2025-12-24,1567,54,8,1641.72
891,11,2025-12-25,13800,254,16,4970.66
892,11,2025-12-26,12576,681,55,849.26
893,11,2025-12-27,6955,74,10,2651.46
894,11,2025-12-28,3216,86,9,4884.8
895,11,2025-12-29,7625,134,12,3907.85
896,12,2026-01-19,3775,207,4,3635.57
897,12,2026-01-20,9533,467,35,4907.59
898,12,2026-01-21,14695,474,19,1577.91
899,12,2026-01-22,14646,1027,68,3781.94
900,12,2026-01-23,5754,234,25,2071.07
901,12,2026-01-24,2591,117,3,4731.32
902,12,2026-01-25,18102,1384,103,1500.09
903,12,2026-01-26,18662,592,66,890.28
904,12,2026-01-27,3217,57,1,3395.06
905,12,2026-01-28,6823,357,20,3253.95
906,12,2026-01-29,18230,828,45,3496.63
907,12,2026-01-30,8356,291,21,4553.01
908,12,2026-01-31,2891,50,5,4381.85
909,12,2026-02-01,10976,357,9,4662.2
910,12,2026-02-02,10963,334,46,526.23
911,12,2026-02-03,10597,394,10,4186.72
912,12,2026-02-04,1600,54,7,1486.42
913,12,2026-02-05,13809,267,13,679.59
914,12,2026-02-06,8818,571,32,1023.66
915,12,2026-02-07,10426,332,40,4102.06
916,12,2026-02-08,8199,637,56,1513.17
917,12,2026-02-09,16340,668,46,4397.51
918,12,2026-02-10,3430,226,22,3259.06
919,12,2026-02-11,6615,323,28,2469.84
920,12,2026-02-12,4817,110,13,1570.98
921,12,2026-02-13,17786,792,54,1609.06
922,12,2026-02-14,12170,784,82,3572.1
923,12,2026-02-15,7454,542,45,4803.63
924,12,2026-02-16,3848,286,9,4445.75
925,12,2026-02-17,8352,391,31,1994.43
926,12,2026-02-18,17660,1092,111,4764.61
927,12,2026-02-19,9921,293,39,3295.39
928,12,2026-02-20,2441,140,5,4095.94
929,12,2026-02-21,7849,375,34,1693.64
930,12,2026-02-22,14393,207,21,2761.99
931,12,2026-02-23,2080,124,12,1407.73
932,12,2026-02-24,13104,780,30,691.78
933,12,2026-02-25,19448,803,45,4238.72
934,12,2026-02-26,8347,368,22,1939.17
935,12,2026-02-27,5615,62,1,4027.61
936,12,2026-02-28,2453,163,3,882.4
937,12,2026-03-01,17127,1277,172,1505.62
938,12,2026-03-02,16571,324,48,4054.43
939,12,2026-03-03,5739,379,19,1310.83
940,12,2026-03-04,10988,282,6,851.41
941,12,2026-03-05,8795,521,15,2375.15
942,12,2026-03-06,8474,537,57,3084.88
943,12,2026-03-07,5522,177,4,2153.89
944,12,2026-03-08,4266,94,11,4229.21
945,12,2026-03-09,5676,417,45,1282.81
946,12,2026-03-10,7549,325,13,2503.22
947,12,2026-03-11,19309,1310,147,1576.95
948,12,2026-03-12,6017,62,5,1931.85
949,12,2026-03-13,19468,1507,170,1018.11
950,12,2026-03-14,6244,158,11,1787.55
951,12,2026-03-15,13786,360,40,3620.31
952,12,2026-03-16,12377,595,32,4300.15
953,12,2026-03-17,10525,360,45,1294.4
954,12,2026-03-18,13770,500,66,618.8
955,12,2026-03-19,13246,611,52,1194.03
956,12,2026-03-20,4717,130,5,1954.11
957,12,2026-03-21,4782,157,13,1512.64
958,12,2026-03-22,17020,1072,139,4192.02
959,12,2026-03-23,4063,177,10,2736.86
960,12,2026-03-24,1417,51,4,4485.82
961,12,2026-03-25,6163,486,61,737.97
962,12,2026-03-26,15126,348,33,517.2
963,12,2026-03-27,19563,649,79,3809.08
964,12,2026-03-28,15758,1017,20,573.79
965,12,2026-03-29,8783,551,80,2886.99
966,12,2026-03-30,15562,184,8,3580.26
967,12,2026-03-31,5555,73,7,982.16
968,12,2026-04-01,4354,300,37,1494.69
969,12,2026-04-02,8188,318,38,1021.42
970,12,2026-04-03,17873,985,89,4304.09
971,12,2026-04-04,14904,800,116,3937.86
972,12,2026-04-05,19600,281,21,4165.95
973,12,2026-04-06,11265,751,107,4331.12
974,12,2026-04-07,12189,803,31,3982.77
975,12,2026-04-08,16099,938,102,3965.63
976,12,2026-04-09,6640,137,9,2325.17
977,12,2026-04-10,2059,25,3,1275.09
978,12,2026-04-11,16823,535,48,3625.95
979,12,2026-04-12,10492,316,32,3837.53
980,12,2026-04-13,12670,658,22,3235.29
981,12,2026-04-14,15605,176,19,2357.36
982,12,2026-04-15,16877,652,47,2376.65
983,12,2026-04-16,11187,567,64,3411.59
984,12,2026-04-17,8147,231,9,4407.04
985,12,2026-04-18,10418,215,8,3375.54
986,12,2026-04-19,12488,245,8,2485.66
987,12,2026-04-20,16942,511,38,1330.92
988,12,2026-04-21,15050,745,68,1631.55
989,12,2026-04-22,13127,917,39,1906.94
990,12,2026-04-23,4673,90,3,2148.75
991,12,2026-04-24,1917,61,1,2885.32
992,12,2026-04-25,4515,229,24,2427.14
993,12,2026-04-26,15615,1117,38,1445.88
994,12,2026-04-27,1088,61,8,2522.79
995,12,2026-04-28,5039,137,20,4092.77
996,12,2026-04-29,18432,258,24,4510.48
997,12,2026-04-30,12212,417,34,2980.42
998,12,2026-05-01,16987,764,78,1757.51
999,12,2026-05-02,8637,675,13,781.58
1000,12,2026-05-03,1993,55,3,4976.59
1001,12,2026-05-04,16272,1270,56,4280.8
1002,12,2026-05-05,17650,1099,50,1080.55
1003,12,2026-05-06,8778,700,17,3354.66
1004,12,2026-05-07,15584,1067,93,1466.08
1005,12,2026-05-08,3226,164,11,726.75
1006,12,2026-05-09,15006,884,118,3411.76
1007,12,2026-05-10,16472,357,51,4555.92
1008,12,2026-05-11,1266,58,7,2686.16
1009,12,2026-05-12,18545,365,32,1874.3
1010,12,2026-05-13,18384,362,41,2220.71
1011,12,2026-05-14,7688,257,24,2832.33
1012,12,2026-05-15,7321,553,48,2541.92
1013,12,2026-05-16,14018,776,114,530.07
1014,12,2026-05-17,6872,455,9,2466.27
1015,13,2026-06-05,12808,972,35,4650.81
1016,13,2026-06-06,5272,377,33,1222.41
1017,13,2026-06-07,14589,923,44,600.89
1018,13,2026-06-08,19249,822,32,2218.99
1019,13,2026-06-09,9032,563,24,2928.32
1020,13,2026-06-10,12593,267,19,1501.61
1021,13,2026-06-11,1456,43,6,1400.87
1022,14,2025-10-10,11892,126,4,4856.74
1023,14,2025-10-11,11576,116,17,4557.77
1024,14,2025-10-12,18069,1356,203,4972.03
1025,14,2025-10-13,5426,86,2,4621.71
1026,14,2025-10-14,17839,1114,42,3236.13
1027,14,2025-10-15,8426,364,25,4241.15
1028,14,2025-10-16,18709,1451,186,3222.41
1029,14,2025-10-17,8800,432,49,893.09
1030,14,2025-10-18,14740,1016,30,2208.93
1031,14,2025-10-19,3430,255,21,3016.99
1032,14,2025-10-20,6241,239,7,2690.5
1033,14,2025-10-21,14978,520,20,2140.88
1034,14,2025-10-22,15721,320,44,4672.5
1035,14,2025-10-23,7505,280,39,4699.69
1036,14,2025-10-24,8484,457,22,4976.73
1037,14,2025-10-25,15727,252,11,1995.65
1038,14,2025-10-26,1682,40,5,2806.1
1039,14,2025-10-27,10399,807,83,2558.87
1040,14,2025-10-28,9042,119,12,3365.34
1041,14,2025-10-29,12075,183,13,4286.21
1042,14,2025-10-30,18539,1142,101,506.42
1043,14,2025-10-31,16700,240,25,2762.69
1044,14,2025-11-01,15913,649,18,4143.64
1045,14,2025-11-02,9606,576,51,800.83
1046,14,2025-11-03,10196,155,19,612.11
1047,14,2025-11-04,2537,159,6,1615.39
1048,14,2025-11-05,8982,115,16,4022.67
1049,14,2025-11-06,8915,497,45,1665.73
1050,14,2025-11-07,8735,258,35,4848.2
1051,14,2025-11-08,7384,322,14,1227.99
1052,14,2025-11-09,19897,562,27,635.41
1053,14,2025-11-10,3234,122,4,3883.85
1054,14,2025-11-11,5980,440,21,2209.62
1055,14,2025-11-12,11640,356,29,1802.57
1056,14,2025-11-13,13418,727,37,1517.1
1057,14,2025-11-14,11852,210,19,2332.47
1058,14,2025-11-15,18319,212,11,4735.28
1059,14,2025-11-16,8807,96,4,2219.64
1060,14,2025-11-17,1713,33,3,4724.94
1061,14,2025-11-18,17107,1360,116,1311.61
1062,14,2025-11-19,14953,545,55,3285.51
1063,14,2025-11-20,1769,132,6,3657.88
1064,14,2025-11-21,13702,456,33,4029.06
1065,14,2025-11-22,4623,257,27,2487.36
1066,14,2025-11-23,7363,79,1,1831.21
1067,14,2025-11-24,16256,568,12,3812.93
1068,14,2025-11-25,14455,370,52,1263.23
1069,14,2025-11-26,19376,293,36,1093.78
1070,14,2025-11-27,13539,506,56,1845.7
1071,14,2025-11-28,13244,875,102,2633.27
1072,14,2025-11-29,4880,58,8,4806.1
1073,14,2025-11-30,8046,417,39,732.62
1074,14,2025-12-01,13811,643,31,2782.04
1075,14,2025-12-02,9084,352,14,999.5
1076,14,2025-12-03,5308,71,7,3631.33
1077,14,2025-12-04,3325,97,6,1011.99
1078,14,2025-12-05,1306,50,7,1462.14
1079,14,2025-12-06,4670,329,35,1437.91
1080,14,2025-12-07,17116,704,45,3549.91
1081,14,2025-12-08,9210,354,26,3384.81
1082,14,2025-12-09,4709,290,30,1928.62
1083,14,2025-12-10,9988,152,3,2704.61
1084,14,2025-12-11,5124,267,29,1153.41
1085,14,2025-12-12,6872,89,3,3927.26
1086,14,2025-12-13,4307,311,39,2226.94
1087,14,2025-12-14,13540,356,19,1057.13
1088,14,2025-12-15,5216,117,4,3388.61
1089,14,2025-12-16,9028,561,77,4240.78
1090,14,2025-12-17,11697,821,55,4426.05
1091,14,2025-12-18,13377,829,113,4253.61
1092,14,2025-12-19,14087,407,9,4062.01
1093,14,2025-12-20,13226,696,100,4743.4
1094,14,2025-12-21,7343,232,10,4820.89
1095,14,2025-12-22,12739,785,79,1976.91
1096,14,2025-12-23,13245,848,74,2818.6
1097,14,2025-12-24,4246,279,25,2911.0
1098,14,2025-12-25,8577,631,64,4027.49
1099,14,2025-12-26,8048,580,17,3322.68
1100,14,2025-12-27,12143,198,24,3417.4
1101,14,2025-12-28,7355,105,9,4338.59
1102,14,2025-12-29,8930,488,52,950.07
1103,14,2025-12-30,8358,586,57,1891.18
1104,14,2025-12-31,3733,204,10,999.66
1105,14,2026-01-01,8478,329,47,1098.64
1106,14,2026-01-02,7135,569,42,4222.23
1107,14,2026-01-03,13175,841,50,4663.12
1108,14,2026-01-04,6996,86,6,2643.68
1109,14,2026-01-05,9459,410,30,3728.54
1110,14,2026-01-06,17161,1060,64,709.72
1111,14,2026-01-07,2080,37,4,3177.19
1112,14,2026-01-08,3219,80,2,2001.49
1113,14,2026-01-09,6994,450,9,3264.55
1114,14,2026-01-10,6674,363,42,589.38
1115,14,2026-01-11,4277,250,24,812.44
1116,14,2026-01-12,2281,59,4,1988.43
1117,14,2026-01-13,16997,461,17,1279.26
1118,14,2026-01-14,12706,993,148,4061.78
1119,14,2026-01-15,4939,259,14,3351.4
1120,14,2026-01-16,18480,408,15,2026.4
1121,14,2026-01-17,16214,679,41,3463.22
1122,14,2026-01-18,6247,421,39,1561.74
1123,14,2026-01-19,1931,67,3,2535.12
1124,14,2026-01-20,6104,99,7,3622.66
1125,14,2026-01-21,14377,328,19,4932.97
1126,14,2026-01-22,8010,615,76,619.26
1127,14,2026-01-23,7616,144,18,4840.3
1128,14,2026-01-24,13857,768,51,4431.82
1129,14,2026-01-25,6320,202,14,4544.24
1130,14,2026-01-26,4048,167,9,4834.35
1131,14,2026-01-27,3822,118,6,3492.2
1132,14,2026-01-28,17095,817,66,1393.1
1133,14,2026-01-29,15522,173,13,4230.9
1134,14,2026-01-30,11128,236,10,3682.2
1135,14,2026-01-31,9877,513,29,3224.42
1136,14,2026-02-01,1012,58,1,2792.14
1137,14,2026-02-02,14739,306,10,3289.15
1138,14,2026-02-03,15393,154,21,1656.83
1139,14,2026-02-04,6847,78,10,4299.71
1140,14,2026-02-05,5960,158,9,1600.73
1141,14,2026-02-06,1719,88,9,2801.24
1142,14,2026-02-07,13066,231,5,2602.17
1143,14,2026-02-08,14067,965,76,1204.41
1144,14,2026-02-09,10620,484,44,1902.95
1145,14,2026-02-10,4225,121,16,4141.41
1146,14,2026-02-11,12789,744,28,2147.35
1147,14,2026-02-12,4480,250,29,3164.57
1148,14,2026-02-13,3441,48,6,2571.87
1149,14,2026-02-14,15068,393,48,4355.24
1150,14,2026-02-15,8578,87,11,4041.17
1151,14,2026-02-16,11609,611,17,3464.7
1152,14,2026-02-17,17022,1163,147,1052.65
1153,14,2026-02-18,13272,489,58,2393.0
1154,14,2026-02-19,7916,486,30,3411.37
1155,14,2026-02-20,6184,385,54,3183.77
1156,14,2026-02-21,5939,306,45,2985.77
1157,14,2026-02-22,9357,613,82,2712.89
1158,14,2026-02-23,1492,72,2,2754.43
1159,14,2026-02-24,3611,163,23,3254.76
1160,14,2026-02-25,11874,801,78,1383.25
1161,14,2026-02-26,4927,102,5,3721.03
1162,14,2026-02-27,16707,1135,48,4433.02
1163,14,2026-02-28,5525,64,7,858.6
1164,14,2026-03-01,16789,1307,152,4411.83
1165,14,2026-03-02,16903,1103,73,2837.98
1166,14,2026-03-03,6960,317,17,4913.63
1167,14,2026-03-04,6287,459,43,4996.55
1168,14,2026-03-05,1270,40,5,1559.0
1169,14,2026-03-06,13544,177,6,2067.91
1170,14,2026-03-07,1147,13,1,3302.63
1171,14,2026-03-08,8401,87,11,2647.49
1172,14,2026-03-09,13736,572,38,3768.22
1173,14,2026-03-10,11982,917,116,4109.1
1174,14,2026-03-11,12576,170,9,3311.16
1175,14,2026-03-12,1125,55,6,1792.02
1176,14,2026-03-13,8389,326,39,4672.52
1177,14,2026-03-14,14315,1011,59,578.11
1178,14,2026-03-15,16552,1159,109,2099.55
1179,14,2026-03-16,2004,94,5,4987.33
1180,14,2026-03-17,17117,1099,51,3752.9
1181,14,2026-03-18,13720,159,14,4750.51
1182,14,2026-03-19,6844,459,60,3768.63
1183,14,2026-03-20,4556,358,33,1023.41
1184,14,2026-03-21,17578,914,103,1691.01
1185,14,2026-03-22,15749,911,18,1599.29
1186,14,2026-03-23,1857,19,0,2671.98
1187,14,2026-03-24,12197,618,34,1502.96
1188,14,2026-03-25,16697,859,100,2699.49
1189,14,2026-03-26,15935,768,39,3755.77
1190,14,2026-03-27,16427,881,60,1467.35
1191,14,2026-03-28,18180,291,30,3576.19
1192,14,2026-03-29,3405,206,21,2311.63
1193,14,2026-03-30,7049,393,40,4294.77
1194,14,2026-03-31,18877,1452,214,1486.26
1195,14,2026-04-01,19959,352,37,681.35
1196,14,2026-04-02,5792,255,35,3022.82
1197,14,2026-04-03,16331,309,7,1836.0
1198,14,2026-04-04,3779,228,17,4185.22
1199,14,2026-04-05,2600,130,6,4065.52
1200,14,2026-04-06,12854,379,40,4027.05
1201,14,2026-04-07,6555,353,34,4470.24
1202,14,2026-04-08,13139,161,11,620.89
1203,14,2026-04-09,8095,377,31,1489.46
1204,14,2026-04-10,3104,107,13,4223.36
1205,14,2026-04-11,2868,195,8,2055.25
1206,14,2026-04-12,2722,94,5,1050.6
1207,14,2026-04-13,5532,76,5,3067.14
1208,14,2026-04-14,1591,53,5,4610.99
1209,14,2026-04-15,18585,526,55,2886.81
1210,14,2026-04-16,15853,883,100,2393.89
1211,14,2026-04-17,8032,359,39,4060.39
1212,14,2026-04-18,3187,114,9,3815.46
1213,14,2026-04-19,16248,1025,64,2029.89
1214,14,2026-04-20,6830,221,21,2372.98
1215,14,2026-04-21,10342,374,16,1567.31
1216,14,2026-04-22,18781,361,50,2193.07
1217,14,2026-04-23,18932,379,38,2350.35
1218,14,2026-04-24,4705,118,12,2532.98
1219,14,2026-04-25,14226,459,27,871.54
1220,14,2026-04-26,3994,48,3,1244.35
1221,14,2026-04-27,5623,259,9,2201.75
1222,14,2026-04-28,18559,366,49,1287.39
1223,14,2026-04-29,13743,1007,77,2496.37
1224,14,2026-04-30,8296,322,21,3959.62
1225,14,2026-05-01,8001,622,77,570.11
1226,14,2026-05-02,14825,879,40,714.06
1227,14,2026-05-03,8891,693,88,4751.26
1228,15,2026-03-18,6196,73,2,2754.06
1229,15,2026-03-19,2266,102,10,1343.7
1230,15,2026-03-20,13716,997,62,2537.06
1231,15,2026-03-21,7966,321,38,3234.71
1232,15,2026-03-22,14622,688,31,2958.94
1233,15,2026-03-23,5067,252,8,3517.75
1234,15,2026-03-24,9592,756,112,3859.11
1235,15,2026-03-25,12570,182,18,1882.65
1236,15,2026-03-26,14156,781,86,1703.46
1237,15,2026-03-27,15536,342,39,2291.24
1238,15,2026-03-28,7348,204,21,4094.41
1239,15,2026-03-29,12400,504,52,754.23
1240,15,2026-03-30,14902,634,91,2144.31
1241,15,2026-03-31,12237,865,121,3713.72
1242,15,2026-04-01,5978,319,9,2748.46
1243,15,2026-04-02,12058,422,48,672.68
1244,15,2026-04-03,12646,144,17,2114.8
1245,15,2026-04-04,2432,156,21,1095.05
1246,15,2026-04-05,11360,590,33,1566.3
1247,15,2026-04-06,2709,143,15,4098.57
1248,15,2026-04-07,19567,465,34,3576.05
1249,15,2026-04-08,2445,119,14,4689.12
1250,15,2026-04-09,12242,503,62,1038.63
1251,15,2026-04-10,15966,574,60,3869.44
1252,15,2026-04-11,12227,497,51,2160.58
1253,16,2026-01-08,13393,494,10,4780.3
1254,16,2026-01-09,19513,1138,123,973.74
1255,16,2026-01-10,13973,798,116,2197.35
1256,16,2026-01-11,12552,957,65,2955.51
1257,16,2026-01-12,18190,632,73,4375.8
1258,16,2026-01-13,16182,801,25,1651.15
1259,16,2026-01-14,2784,146,4,3950.95
1260,16,2026-01-15,9630,205,25,2307.06
1261,16,2026-01-16,14521,367,30,2092.52
1262,16,2026-01-17,18028,509,66,3346.95
1263,16,2026-01-18,17035,1334,142,3039.11
1264,16,2026-01-19,7907,322,44,4937.69
1265,16,2026-01-20,9860,581,83,629.32
1266,16,2026-01-21,15854,1071,65,1840.0
1267,16,2026-01-22,7110,171,17,2374.37
1268,16,2026-01-23,3090,174,15,3558.61
1269,16,2026-01-24,12023,125,13,668.82
1270,16,2026-01-25,2571,113,2,4923.46
1271,16,2026-01-26,9487,285,15,3608.94
1272,16,2026-01-27,18011,990,43,4971.83
1273,16,2026-01-28,14344,822,23,3613.28
1274,16,2026-01-29,1083,41,2,1490.2
1275,16,2026-01-30,4848,151,16,2152.97
1276,16,2026-01-31,15455,990,117,3919.59
1277,16,2026-02-01,13197,665,65,2246.02
1278,16,2026-02-02,4232,205,5,2983.16
1279,16,2026-02-03,15864,329,15,967.49
1280,16,2026-02-04,8859,367,41,1447.81
1281,16,2026-02-05,15019,826,97,2067.42
1282,16,2026-02-06,19166,1255,111,4533.18
1283,16,2026-02-07,1812,139,5,2849.85
1284,16,2026-02-08,18267,668,29,1938.89
1285,16,2026-02-09,7836,274,29,4719.57
1286,16,2026-02-10,14896,380,21,1615.05
1287,16,2026-02-11,5839,197,25,1036.44
1288,16,2026-02-12,16576,848,118,1497.17
1289,16,2026-02-13,9685,644,49,1392.86
1290,16,2026-02-14,2878,173,8,652.12
1291,16,2026-02-15,17723,1398,151,4650.51
1292,16,2026-02-16,2625,194,15,2239.84
1293,16,2026-02-17,4377,230,28,4794.19
1294,16,2026-02-18,1206,95,4,2039.5
1295,16,2026-02-19,5192,128,2,4413.61
1296,16,2026-02-20,12035,269,24,3539.89
1297,16,2026-02-21,14570,967,86,2608.09
1298,16,2026-02-22,5020,399,13,2949.91
1299,16,2026-02-23,15944,755,61,3728.1
1300,16,2026-02-24,12873,545,80,2225.19
1301,16,2026-02-25,2907,177,4,1663.38
1302,16,2026-02-26,17616,1224,143,3870.55
1303,16,2026-02-27,7131,219,25,1907.96
1304,16,2026-02-28,17488,547,61,4906.58
1305,16,2026-03-01,4401,273,36,1945.45
1306,16,2026-03-02,1663,85,3,1011.16
1307,16,2026-03-03,2239,121,14,3720.13
1308,16,2026-03-04,18217,1416,92,1912.81
1309,16,2026-03-05,13524,978,98,2352.5
1310,16,2026-03-06,13146,1008,93,2564.07
1311,16,2026-03-07,14117,555,48,4887.3
1312,16,2026-03-08,17479,451,22,4861.8
1313,16,2026-03-09,8137,306,26,2065.88
1314,16,2026-03-10,2143,156,21,1412.37
1315,16,2026-03-11,6316,298,34,4325.15
1316,16,2026-03-12,18129,351,15,2365.79
1317,16,2026-03-13,9199,482,11,4219.29
1318,16,2026-03-14,4565,276,41,2223.13
1319,16,2026-03-15,4334,188,14,1143.33
1320,16,2026-03-16,18242,1298,129,1664.46
1321,16,2026-03-17,5353,178,10,2340.07
1322,16,2026-03-18,6938,360,14,4250.49
1323,16,2026-03-19,4497,210,6,4146.78
1324,16,2026-03-20,2663,172,12,3369.68
1325,16,2026-03-21,9146,474,48,2453.4
1326,16,2026-03-22,15052,507,55,1035.65
1327,16,2026-03-23,3843,65,7,3954.4
1328,16,2026-03-24,8398,164,21,2349.61
1329,16,2026-03-25,12817,594,75,2155.31
1330,16,2026-03-26,11590,831,76,3484.44
1331,16,2026-03-27,10421,358,37,3415.41
1332,16,2026-03-28,14454,287,42,4818.78
1333,16,2026-03-29,9965,539,27,2151.96
1334,16,2026-03-30,7710,374,27,4272.33
1335,16,2026-03-31,17195,593,36,4552.75
1336,16,2026-04-01,19767,1129,75,4830.13
1337,16,2026-04-02,18540,317,13,4993.48
1338,16,2026-04-03,8825,606,70,1249.96
1339,16,2026-04-04,11548,642,38,2143.1
1340,16,2026-04-05,4164,239,16,720.55
1341,16,2026-04-06,14472,584,21,4494.93
1342,16,2026-04-07,11166,672,34,4860.87
1343,16,2026-04-08,11294,428,20,3186.16
1344,16,2026-04-09,18330,1373,82,1762.09
1345,16,2026-04-10,19691,459,43,1205.68
1346,16,2026-04-11,15990,973,70,4014.86
1347,16,2026-04-12,15725,895,61,1541.45
1348,16,2026-04-13,5149,349,28,2020.34
1349,16,2026-04-14,7548,437,51,1656.18
1350,16,2026-04-15,6388,292,13,3534.85
1351,16,2026-04-16,9677,476,27,4207.74
1352,16,2026-04-17,3197,45,3,1610.86
1353,16,2026-04-18,5133,64,3,1162.43
1354,16,2026-04-19,18661,1420,115,3258.71
1355,16,2026-04-20,8972,281,20,736.51
1356,16,2026-04-21,6663,210,25,4123.62
1357,16,2026-04-22,13291,1052,130,644.04
1358,16,2026-04-23,15939,1234,88,890.32
1359,16,2026-04-24,13505,913,34,4516.16
1360,16,2026-04-25,15097,1096,95,3348.27
1361,16,2026-04-26,3916,156,8,2991.78
1362,16,2026-04-27,15185,583,73,4044.56
1363,16,2026-04-28,7744,85,5,1375.18
1364,16,2026-04-29,8316,220,12,3351.57
1365,16,2026-04-30,19622,247,18,867.08
1366,16,2026-05-01,18935,793,60,577.64
1367,16,2026-05-02,1278,56,5,3596.81
1368,16,2026-05-03,18714,1181,170,3338.89
1369,16,2026-05-04,4171,173,13,3563.82
1370,16,2026-05-05,6442,423,8,1244.91
1371,16,2026-05-06,6411,255,12,4700.1
1372,17,2025-06-26,14869,555,37,4710.74
1373,17,2025-06-27,13393,854,26,2930.75
1374,17,2025-06-28,8925,494,26,926.56
1375,17,2025-06-29,3451,168,21,723.31
1376,17,2025-06-30,13117,139,19,4100.33
1377,17,2025-07-01,10488,144,4,2252.33
1378,17,2025-07-02,1078,27,1,920.67
1379,17,2025-07-03,2192,37,1,671.15
1380,17,2025-07-04,19219,384,39,1081.5
1381,17,2025-07-05,5096,223,13,3808.72
1382,17,2025-07-06,11700,125,16,4017.95
1383,17,2025-07-07,13378,1035,61,3645.56
1384,17,2025-07-08,1037,49,1,3833.66
1385,17,2025-07-09,12931,1032,101,737.82
1386,17,2025-07-10,8727,164,8,1834.01
1387,17,2025-07-11,15690,953,97,1584.81
1388,17,2025-07-12,3825,196,14,4492.92
1389,17,2025-07-13,9020,336,48,1275.15
1390,17,2025-07-14,15104,1161,36,2695.56
1391,17,2025-07-15,4473,298,21,4688.12
1392,17,2025-07-16,7819,494,25,3839.59
1393,17,2025-07-17,15903,1261,100,1991.34
1394,17,2025-07-18,3647,108,11,4683.99
1395,17,2025-07-19,3656,134,19,4585.25
1396,17,2025-07-20,12779,928,67,4625.43
1397,17,2025-07-21,2722,197,9,537.77
1398,17,2025-07-22,11206,546,20,1777.46
1399,17,2025-07-23,10969,844,55,1322.28
1400,17,2025-07-24,19365,946,58,3874.43
1401,17,2025-07-25,7003,355,48,1488.47
1402,17,2025-07-26,1605,42,4,4311.46
1403,17,2025-07-27,1131,40,5,3345.88
1404,17,2025-07-28,16282,1174,125,2464.4
1405,17,2025-07-29,16622,312,17,4710.27
1406,17,2025-07-30,11279,421,42,2499.04
1407,17,2025-07-31,8158,568,44,586.13
1408,17,2025-08-01,14228,782,21,2749.32
1409,17,2025-08-02,2962,88,11,1597.51
1410,17,2025-08-03,17155,1138,75,2128.39
1411,17,2025-08-04,6920,532,78,4580.39
1412,17,2025-08-05,7420,301,37,2384.07
1413,17,2025-08-06,19656,852,112,3467.99
1414,17,2025-08-07,5895,147,4,4795.1
1415,17,2025-08-08,14168,770,46,3636.05
1416,17,2025-08-09,19616,835,77,3330.93
1417,17,2025-08-10,3614,232,24,3328.09
1418,17,2025-08-11,7062,381,29,4569.35
1419,17,2025-08-12,6156,96,2,1878.32
1420,17,2025-08-13,4040,190,9,4170.8
1421,17,2025-08-14,4207,116,5,2784.23
1422,17,2025-08-15,10622,236,28,3939.57
1423,17,2025-08-16,5783,409,50,1619.68
1424,17,2025-08-17,9416,95,5,1750.62
1425,17,2025-08-18,13445,239,8,4302.2
1426,17,2025-08-19,6453,370,20,842.62
1427,17,2025-08-20,1743,93,5,4893.1
1428,17,2025-08-21,16060,706,103,2598.77
1429,17,2025-08-22,9961,500,35,2129.73
1430,17,2025-08-23,17250,451,44,2194.68
1431,17,2025-08-24,9557,738,81,4874.59
1432,17,2025-08-25,14239,394,51,1130.07
1433,17,2025-08-26,10852,659,42,3167.54
1434,17,2025-08-27,13978,252,19,4323.27
1435,17,2025-08-28,15923,609,46,547.0
1436,17,2025-08-29,11309,787,109,4164.68
1437,17,2025-08-30,19426,381,42,1557.64
1438,17,2025-08-31,4887,161,15,3314.97
1439,17,2025-09-01,8371,309,26,1715.26
1440,17,2025-09-02,3898,136,10,2473.27
1441,17,2025-09-03,10781,545,71,1104.05
1442,17,2025-09-04,4284,190,8,2583.2
1443,17,2025-09-05,3035,68,2,2973.28
1444,17,2025-09-06,10894,289,22,528.51
1445,17,2025-09-07,3865,165,17,2773.0
1446,17,2025-09-08,10675,786,43,4291.46
1447,17,2025-09-09,14270,933,102,2657.02
1448,17,2025-09-10,19671,450,32,2765.82
1449,17,2025-09-11,7232,294,27,4029.44
1450,17,2025-09-12,19974,1201,58,2818.41
1451,17,2025-09-13,14992,590,23,4248.27
1452,17,2025-09-14,6340,222,31,816.48
1453,17,2025-09-15,1598,92,13,2849.29
1454,17,2025-09-16,17242,1249,33,1734.94
1455,17,2025-09-17,14040,532,20,2302.45
1456,17,2025-09-18,14886,1185,36,2644.58
1457,17,2025-09-19,10806,569,27,3785.8
1458,17,2025-09-20,16163,1218,29,2508.19
1459,17,2025-09-21,5771,276,7,3841.66
1460,17,2025-09-22,1954,93,2,965.59
1461,17,2025-09-23,1912,82,1,3522.71
1462,17,2025-09-24,3854,303,27,3345.34
1463,17,2025-09-25,3020,177,4,4516.31
1464,17,2025-09-26,16697,323,32,2533.31
1465,17,2025-09-27,1552,53,7,4702.51
1466,17,2025-09-28,1855,28,0,4282.99
1467,17,2025-09-29,3490,70,7,1335.1
1468,17,2025-09-30,4379,110,5,3742.62
1469,17,2025-10-01,18252,1332,148,2286.2
1470,17,2025-10-02,3448,137,18,4124.35
1471,17,2025-10-03,11120,142,13,2318.84
1472,17,2025-10-04,15871,338,32,2046.81
1473,17,2025-10-05,3662,257,14,3131.46
1474,17,2025-10-06,8887,644,55,4222.56
1475,17,2025-10-07,9006,686,87,4260.65
1476,17,2025-10-08,5770,249,34,2503.99
1477,17,2025-10-09,7378,247,19,896.83
1478,17,2025-10-10,15158,626,66,1805.0
1479,17,2025-10-11,7818,146,4,4607.96
1480,17,2025-10-12,19975,1357,133,4857.33
1481,17,2025-10-13,13597,439,11,1919.88
1482,17,2025-10-14,5731,373,11,2858.95
1483,17,2025-10-15,14301,244,33,685.13
1484,17,2025-10-16,4190,285,26,4110.94
1485,17,2025-10-17,1021,67,6,2726.56
1486,17,2025-10-18,15885,232,12,4824.03
1487,17,2025-10-19,1023,55,1,4269.78
1488,17,2025-10-20,14953,1026,148,1266.61
1489,17,2025-10-21,13881,808,57,1106.51
1490,17,2025-10-22,14485,806,68,2601.16
1491,17,2025-10-23,6817,271,18,3235.89
1492,17,2025-10-24,16623,1088,43,4722.01
1493,17,2025-10-25,8024,331,42,3686.51
1494,17,2025-10-26,12105,204,5,4017.19
1495,17,2025-10-27,7034,393,10,2464.24
1496,17,2025-10-28,4850,155,7,3032.7
1497,17,2025-10-29,17008,1070,138,931.98
1498,17,2025-10-30,13109,293,10,1815.8
1499,17,2025-10-31,4678,293,13,1050.74
1500,17,2025-11-01,13308,312,32,1370.96
1501,17,2025-11-02,1006,51,6,4372.28
1502,17,2025-11-03,4936,306,41,4520.76
1503,17,2025-11-04,4789,212,7,3071.62
1504,17,2025-11-05,8437,619,91,4742.17
1505,17,2025-11-06,3902,205,8,3354.15
1506,17,2025-11-07,13240,718,77,1004.9
1507,17,2025-11-08,15755,1167,97,4156.66
1508,17,2025-11-09,19124,795,47,2505.93
1509,17,2025-11-10,13017,894,94,1559.23
1510,17,2025-11-11,18375,1468,164,3850.81
1511,17,2025-11-12,1374,19,2,3731.41
1512,17,2025-11-13,12919,631,50,1578.07
1513,17,2025-11-14,13440,376,11,4141.09
1514,17,2025-11-15,5283,134,19,3061.43
1515,17,2025-11-16,18459,1345,196,925.83
1516,17,2025-11-17,2099,160,8,863.93
1517,17,2025-11-18,8752,585,41,1037.93
1518,17,2025-11-19,19082,412,28,2623.26
1519,17,2025-11-20,8277,650,22,4910.3
1520,17,2025-11-21,3375,91,9,2498.31
1521,17,2025-11-22,19169,732,26,1014.45
1522,17,2025-11-23,17967,564,25,1982.87
1523,17,2025-11-24,7230,303,44,2117.93
1524,17,2025-11-25,8958,666,19,1408.09
1525,17,2025-11-26,19268,250,26,922.54
1526,17,2025-11-27,3699,107,5,2940.52
1527,17,2025-11-28,11302,572,58,2102.54
1528,17,2025-11-29,12470,833,118,1989.88
1529,17,2025-11-30,1327,85,6,2257.32
1530,17,2025-12-01,11783,840,17,2451.84
1531,17,2025-12-02,14308,601,31,1792.18
1532,17,2025-12-03,2911,69,8,4173.32
1533,17,2025-12-04,6623,165,16,3644.2
1534,17,2025-12-05,17378,910,68,2879.92
1535,17,2025-12-06,6347,507,48,1582.49
1536,17,2025-12-07,16528,558,21,1095.01
1537,17,2025-12-08,17764,1207,141,3662.63
1538,17,2025-12-09,12256,604,16,4951.05
1539,17,2025-12-10,3869,192,27,2774.05
1540,17,2025-12-11,5613,177,14,3080.17
1541,17,2025-12-12,16169,923,132,4840.15
1542,17,2025-12-13,2286,70,9,559.03
1543,17,2025-12-14,12603,796,57,2809.22
1544,17,2025-12-15,19575,1325,85,4146.09
1545,17,2025-12-16,6034,279,8,3699.74
1546,17,2025-12-17,13408,407,38,2213.1
1547,17,2025-12-18,14466,974,134,2949.36
1548,17,2025-12-19,19419,1487,141,3271.11
1549,17,2025-12-20,4763,296,28,2447.41
1550,17,2025-12-21,14594,575,44,2140.6
1551,17,2025-12-22,14651,1065,154,4139.89
1552,17,2025-12-23,1741,28,3,4974.82
1553,17,2025-12-24,8589,485,27,4318.24
1554,17,2025-12-25,14963,766,70,4535.67
1555,17,2025-12-26,2153,76,9,824.51
1556,17,2025-12-27,18001,536,43,1700.52
1557,17,2025-12-28,12255,787,20,2610.25
1558,17,2025-12-29,1779,74,7,3741.8
1559,17,2025-12-30,5352,256,24,2274.68
1560,17,2025-12-31,10607,203,9,4795.46
1561,17,2026-01-01,13845,1032,111,3088.17
1562,17,2026-01-02,7422,507,41,2692.99
1563,17,2026-01-03,18665,1298,66,1424.33
1564,17,2026-01-04,2635,175,15,2126.54
1565,17,2026-01-05,12987,1009,148,4617.37
1566,17,2026-01-06,18086,541,49,2821.19
1567,17,2026-01-07,7451,525,68,2551.28
1568,17,2026-01-08,3135,121,9,3168.67
1569,17,2026-01-09,18656,336,34,3193.98
1570,17,2026-01-10,19634,1281,178,4948.48
1571,17,2026-01-11,10201,281,38,4715.11
1572,17,2026-01-12,1869,62,7,4656.79
1573,17,2026-01-13,4746,232,34,4137.27
1574,17,2026-01-14,3701,107,6,1036.56
1575,17,2026-01-15,15255,636,75,2274.86
1576,17,2026-01-16,10940,859,33,1801.31
1577,17,2026-01-17,14934,669,58,2614.71
1578,17,2026-01-18,6695,262,26,796.93
1579,17,2026-01-19,4059,242,19,3252.12
1580,17,2026-01-20,16559,402,17,1402.78
1581,17,2026-01-21,9076,369,36,4415.92
1582,17,2026-01-22,4271,63,2,3421.07
1583,17,2026-01-23,18997,487,10,1704.15
1584,17,2026-01-24,16454,592,88,4686.93
1585,17,2026-01-25,7240,229,34,3537.23
1586,17,2026-01-26,17194,1368,116,4267.67
1587,17,2026-01-27,4750,283,37,4622.39
1588,17,2026-01-28,12300,527,22,1418.07
1589,17,2026-01-29,2184,91,6,1968.85
1590,17,2026-01-30,2006,132,11,1448.65
1591,17,2026-01-31,17054,631,18,3241.56
1592,17,2026-02-01,6655,347,17,509.03
1593,18,2026-05-14,10043,311,45,714.22
1594,18,2026-05-15,1863,49,3,1551.68
1595,18,2026-05-16,16350,627,31,4667.12
1596,18,2026-05-17,8588,383,32,4463.74
1597,18,2026-05-18,4469,126,13,4017.97
1598,18,2026-05-19,3387,132,2,3506.14
1599,18,2026-05-20,9402,172,19,2971.08
1600,18,2026-05-21,19622,204,14,4588.95
1601,18,2026-05-22,1731,74,3,719.73
1602,18,2026-05-23,14320,685,97,2962.36
1603,18,2026-05-24,14437,1061,25,3089.31
1604,18,2026-05-25,6299,404,10,4507.56
1605,18,2026-05-26,11653,777,30,4539.34
1606,18,2026-05-27,8000,273,15,3043.89
1607,18,2026-05-28,8857,344,33,2647.27
1608,18,2026-05-29,5193,78,5,742.2
1609,18,2026-05-30,17641,553,73,2549.31
1610,18,2026-05-31,13182,766,63,2925.87
1611,18,2026-06-01,16103,489,49,2069.88
1612,18,2026-06-02,4575,131,12,3809.44
1613,18,2026-06-03,18101,1378,55,4887.1
1614,19,2025-07-17,17692,192,23,4282.55
1615,19,2025-07-18,15398,963,55,1262.02
1616,19,2025-07-19,6808,426,21,3418.11
1617,19,2025-07-20,12200,304,27,2710.65
1618,19,2025-07-21,4241,160,15,4030.84
1619,19,2025-07-22,5849,264,6,1505.49
1620,19,2025-07-23,7893,342,46,3380.31
1621,19,2025-07-24,8811,479,71,2098.59
1622,19,2025-07-25,11740,258,30,2694.05
1623,19,2025-07-26,6190,408,46,2842.14
1624,19,2025-07-27,4250,132,13,3394.68
1625,19,2025-07-28,15235,524,13,3854.54
1626,19,2025-07-29,7344,509,65,3202.87
1627,19,2025-07-30,2152,42,3,1713.13
1628,19,2025-07-31,7267,460,35,2866.8
1629,19,2025-08-01,17623,575,72,3358.75
1630,19,2025-08-02,1548,72,5,2440.87
1631,19,2025-08-03,5642,142,19,4654.26
1632,19,2025-08-04,15593,392,24,2903.96
1633,19,2025-08-05,13788,1048,105,1322.84
1634,19,2025-08-06,8466,134,14,4387.25
1635,19,2025-08-07,17626,199,8,3739.04
1636,19,2025-08-08,9462,185,27,592.4
1637,19,2025-08-09,6101,415,48,3865.8
1638,19,2025-08-10,6464,348,17,2530.81
1639,19,2025-08-11,18458,863,36,3505.3
1640,19,2025-08-12,5739,272,25,3766.25
1641,19,2025-08-13,3021,53,1,4757.34
1642,19,2025-08-14,6310,464,33,1560.7
1643,19,2025-08-15,18732,710,71,3451.34
1644,19,2025-08-16,13402,852,46,1973.07
1645,19,2025-08-17,4349,121,5,3515.78
1646,19,2025-08-18,8577,131,8,1592.96
1647,19,2025-08-19,1132,21,1,808.34
1648,19,2025-08-20,2759,200,14,2070.79
1649,19,2025-08-21,19232,1098,142,3110.54
1650,19,2025-08-22,18491,1238,59,4184.37
1651,19,2025-08-23,9076,111,10,3561.61
1652,19,2025-08-24,5163,301,17,4500.8
1653,19,2025-08-25,17217,766,76,1959.81
1654,19,2025-08-26,16358,822,40,4492.75
1655,19,2025-08-27,6358,156,13,4724.98
1656,19,2025-08-28,4164,238,4,3538.35
1657,19,2025-08-29,13642,234,16,4007.68
1658,19,2025-08-30,15224,532,42,2083.82
1659,19,2025-08-31,5699,404,31,800.96
1660,19,2025-09-01,1501,26,3,2529.29
1661,19,2025-09-02,2980,188,12,1207.07
1662,19,2025-09-03,15451,686,74,3982.68
1663,19,2025-09-04,6155,447,47,2330.25
1664,19,2025-09-05,2569,150,5,3106.94
1665,19,2025-09-06,13761,902,58,3354.5
1666,19,2025-09-07,2456,120,7,1969.9
1667,19,2025-09-08,7410,282,40,3045.66
1668,19,2025-09-09,12243,689,71,1760.31
1669,19,2025-09-10,11842,256,29,4957.85
1670,19,2025-09-11,15076,829,85,2439.78
1671,19,2025-09-12,2559,49,6,815.5
1672,19,2025-09-13,6999,305,35,2389.31
1673,19,2025-09-14,10982,218,31,3369.84
1674,19,2025-09-15,19234,460,53,3366.64
1675,19,2025-09-16,18360,246,34,669.23
1676,19,2025-09-17,9787,271,30,3651.2
1677,19,2025-09-18,1886,48,1,988.17
1678,19,2025-09-19,7859,478,12,3543.64
1679,19,2025-09-20,11685,364,9,4214.24
1680,19,2025-09-21,17428,796,63,4023.03
1681,19,2025-09-22,8658,402,18,3209.62
1682,19,2025-09-23,16448,651,74,1439.51
1683,19,2025-09-24,17201,1306,183,4268.98
1684,19,2025-09-25,18602,798,101,4975.67
1685,19,2025-09-26,8293,467,25,4681.94
1686,19,2025-09-27,7483,339,17,2792.63
1687,19,2025-09-28,1435,93,4,595.19
1688,19,2025-09-29,18416,585,26,3099.98
1689,19,2025-09-30,7421,294,35,4856.32
1690,19,2025-10-01,7386,303,38,891.34
1691,19,2025-10-02,10044,788,37,1707.34
1692,19,2025-10-03,2630,185,13,2223.51
1693,19,2025-10-04,13301,656,68,1042.42
1694,19,2025-10-05,15165,399,59,4519.36
1695,19,2025-10-06,4516,169,12,3344.29
1696,19,2025-10-07,16752,394,27,2755.4
1697,19,2025-10-08,4486,131,14,1037.1
1698,19,2025-10-09,2649,126,14,4415.25
1699,19,2025-10-10,7748,77,9,3584.85
1700,19,2025-10-11,2776,91,9,2330.48
1701,19,2025-10-12,1421,105,13,3627.44
1702,19,2025-10-13,10708,339,38,3708.82
1703,19,2025-10-14,12981,720,107,1538.36
1704,19,2025-10-15,12480,446,20,4017.79
1705,19,2025-10-16,8322,557,44,4691.73
1706,19,2025-10-17,10310,538,61,511.89
1707,19,2025-10-18,2154,149,20,4568.99
1708,19,2025-10-19,4685,346,46,3950.6
1709,19,2025-10-20,1606,66,6,3574.56
1710,19,2025-10-21,9796,264,11,4025.92
1711,19,2025-10-22,16573,439,48,4633.16
1712,19,2025-10-23,8802,361,12,1415.96
1713,19,2025-10-24,9045,140,13,919.0
1714,19,2025-10-25,18665,1019,78,3775.61
1715,19,2025-10-26,19571,1236,89,1989.91
1716,19,2025-10-27,7715,83,1,1930.2
1717,19,2025-10-28,7975,548,43,1837.1
1718,19,2025-10-29,6825,540,38,3404.6
1719,19,2025-10-30,13754,216,25,4476.77
1720,19,2025-10-31,13912,570,76,2071.42
1721,19,2025-11-01,9128,584,38,1209.84
1722,19,2025-11-02,10877,406,17,1679.17
1723,19,2025-11-03,16292,1215,145,3152.71
1724,19,2025-11-04,19689,775,73,3321.22
1725,19,2025-11-05,1034,28,3,1329.07
1726,19,2025-11-06,15383,782,37,1344.06
1727,19,2025-11-07,13719,532,21,3506.48
1728,19,2025-11-08,6874,465,22,4430.92
1729,19,2025-11-09,5185,338,8,2085.64
1730,19,2025-11-10,16830,1291,93,4575.18
1731,19,2025-11-11,11974,154,13,3441.67
1732,19,2025-11-12,14672,644,23,4853.88
1733,19,2025-11-13,18635,1462,144,3943.61
1734,19,2025-11-14,2136,25,3,4855.47
1735,19,2025-11-15,4907,211,10,4906.39
1736,19,2025-11-16,19245,1288,105,2978.98
1737,19,2025-11-17,16009,1096,42,3081.48
1738,19,2025-11-18,4306,107,6,952.81
1739,19,2025-11-19,6708,427,56,2391.51
1740,19,2025-11-20,4248,311,7,4971.03
1741,19,2025-11-21,18929,468,33,1726.37
1742,19,2025-11-22,14343,177,19,3057.91
1743,19,2025-11-23,1284,88,13,988.41
1744,19,2025-11-24,2515,152,21,4599.33
1745,19,2025-11-25,16803,1257,154,1524.92
1746,19,2025-11-26,3691,253,36,2245.27
1747,19,2025-11-27,12133,137,9,1106.74
1748,19,2025-11-28,14830,277,39,4965.59
1749,19,2025-11-29,4008,261,26,2416.52
1750,19,2025-11-30,15755,223,14,4232.14
1751,19,2025-12-01,13038,385,22,4046.89
1752,19,2025-12-02,8037,581,17,2089.26
1753,19,2025-12-03,8680,623,50,690.88
1754,19,2025-12-04,13928,557,71,1285.05
1755,19,2025-12-05,2842,178,9,1877.54
1756,19,2025-12-06,7740,576,26,4896.01
1757,19,2025-12-07,13576,438,44,1926.41
1758,19,2025-12-08,14439,1060,101,4270.71
1759,19,2025-12-09,13352,600,15,2110.34
1760,19,2025-12-10,2945,200,15,3717.87
1761,19,2025-12-11,18352,871,87,699.66
1762,19,2025-12-12,6461,131,6,1744.49
1763,19,2025-12-13,5505,305,32,4217.71
1764,19,2025-12-14,9658,295,8,3353.57
1765,19,2025-12-15,5027,169,25,657.17
1766,19,2025-12-16,3024,129,6,4671.77
1767,19,2025-12-17,8408,215,18,3149.69
1768,19,2025-12-18,12742,630,41,800.04
1769,19,2025-12-19,1049,66,2,3046.57
1770,19,2025-12-20,2783,154,22,1347.46
1771,19,2025-12-21,2260,114,6,3199.59
1772,19,2025-12-22,4569,111,2,2961.4
1773,19,2025-12-23,2519,27,1,2244.72
1774,19,2025-12-24,7584,215,28,2110.94
1775,19,2025-12-25,19125,1383,184,4708.18
1776,19,2025-12-26,13017,307,25,4292.57
1777,19,2025-12-27,14975,296,21,4832.02
1778,19,2025-12-28,4800,67,3,832.98
1779,19,2025-12-29,13450,255,10,3888.26
1780,19,2025-12-30,6601,447,28,1285.85
1781,19,2025-12-31,15062,451,50,1014.3
1782,19,2026-01-01,17841,451,49,4739.82
1783,19,2026-01-02,7512,220,15,4734.74
1784,19,2026-01-03,5383,381,28,1938.41
1785,19,2026-01-04,9574,397,23,4268.02
1786,19,2026-01-05,1926,124,12,2957.98
1787,19,2026-01-06,13104,540,78,1267.21
1788,19,2026-01-07,1353,68,6,3043.66
1789,19,2026-01-08,13814,991,31,2817.58
1790,19,2026-01-09,6068,386,38,3164.87
1791,19,2026-01-10,7033,186,25,2874.9
1792,19,2026-01-11,15120,1137,100,2870.65
1793,19,2026-01-12,10998,363,14,2055.85
1794,19,2026-01-13,3394,37,5,3765.55
1795,19,2026-01-14,14535,880,121,533.73
1796,20,2025-12-24,2077,75,10,4119.86
1797,20,2025-12-25,14100,804,69,3488.29
1798,20,2025-12-26,10392,276,41,1149.44
1799,20,2025-12-27,2002,136,14,1279.47
1800,20,2025-12-28,15638,542,74,4881.23
1801,20,2025-12-29,6441,205,13,1631.32
1802,20,2025-12-30,12049,440,9,4325.39
1803,20,2025-12-31,16185,913,94,4836.97
1804,20,2026-01-01,17237,205,14,4683.51
1805,20,2026-01-02,13963,467,60,729.15
1806,20,2026-01-03,13401,424,54,3533.87
1807,20,2026-01-04,9659,637,31,1848.47
1808,20,2026-01-05,6385,189,11,2300.59
1809,20,2026-01-06,12076,284,10,4978.33
1810,20,2026-01-07,12979,616,21,1988.92
1811,20,2026-01-08,15134,687,66,3011.18
1812,20,2026-01-09,5937,79,1,3492.11
1813,20,2026-01-10,2493,125,9,1035.46
1814,20,2026-01-11,17970,660,47,1415.81
1815,20,2026-01-12,8091,633,30,3022.49
1816,20,2026-01-13,5939,139,12,741.49
1817,20,2026-01-14,17871,920,42,3497.44
1818,20,2026-01-15,16671,1327,76,1842.1
1819,20,2026-01-16,16004,1242,42,4655.52
1820,20,2026-01-17,8781,96,10,4963.66
1821,20,2026-01-18,16742,1045,148,4633.85
1822,20,2026-01-19,9538,324,9,1986.93
1823,20,2026-01-20,15439,714,97,909.44
1824,20,2026-01-21,2389,105,5,2066.54
1825,20,2026-01-22,3270,235,17,2858.13
1826,20,2026-01-23,7194,378,44,835.69
1827,20,2026-01-24,17226,338,46,1089.55
1828,20,2026-01-25,5315,107,4,4612.59
1829,20,2026-01-26,1006,26,1,2010.47
1830,20,2026-01-27,14337,829,77,1714.51
1831,20,2026-01-28,2233,102,12,3305.41
1832,20,2026-01-29,4890,207,17,2926.92
1833,20,2026-01-30,18050,210,16,3639.66
1834,20,2026-01-31,3798,93,11,1483.9
1835,20,2026-02-01,2975,79,10,4798.38
1836,20,2026-02-02,3814,248,14,1847.81
1837,20,2026-02-03,4067,280,26,1022.78
1838,20,2026-02-04,19936,1567,233,2613.17
1839,20,2026-02-05,15352,760,93,2398.95
1840,20,2026-02-06,13165,673,100,4699.21
1841,20,2026-02-07,2445,136,11,4200.78
1842,20,2026-02-08,10229,718,26,3656.12
1843,20,2026-02-09,13195,295,40,3793.22
1844,20,2026-02-10,16093,470,58,993.75
1845,20,2026-02-11,11943,616,71,561.37
1846,20,2026-02-12,8975,364,10,4686.94
1847,20,2026-02-13,6994,384,26,3719.13
1848,20,2026-02-14,14969,519,57,3890.57
1849,20,2026-02-15,14268,311,8,2812.27
1850,20,2026-02-16,9966,273,7,654.52
1851,20,2026-02-17,8179,156,9,4682.37
1852,20,2026-02-18,15378,1114,26,3366.48
1853,20,2026-02-19,12691,991,112,1131.79
1854,20,2026-02-20,3550,56,6,1347.55
1855,20,2026-02-21,8245,86,3,3623.11
1856,20,2026-02-22,17416,1161,135,3861.68
1857,20,2026-02-23,16975,520,47,2577.2
1858,20,2026-02-24,10340,453,18,4801.88
1859,20,2026-02-25,17396,447,55,2880.64
1860,20,2026-02-26,19656,1128,57,3611.96
1861,20,2026-02-27,9680,594,15,3578.32
1862,20,2026-02-28,3358,133,3,3548.84
1863,20,2026-03-01,17538,355,17,2101.14
1864,20,2026-03-02,7612,283,6,2060.91
1865,20,2026-03-03,2061,105,9,1889.48
1866,20,2026-03-04,12816,920,119,2044.41
1867,20,2026-03-05,15788,933,84,3111.76
1868,20,2026-03-06,10634,840,117,4522.41
1869,20,2026-03-07,9803,421,53,698.09
1870,20,2026-03-08,3226,206,4,3038.34
1871,20,2026-03-09,4313,254,37,3173.23
1872,20,2026-03-10,13394,786,24,931.84
1873,20,2026-03-11,7912,489,52,2333.96
1874,20,2026-03-12,6054,384,28,2736.54
1875,20,2026-03-13,9033,114,6,4888.22
1876,20,2026-03-14,8992,649,48,1703.16
1877,20,2026-03-15,3067,155,18,1869.9
1878,20,2026-03-16,15688,217,13,4930.58
1879,20,2026-03-17,15433,795,87,4284.03
1880,20,2026-03-18,14378,657,74,2090.57
1881,20,2026-03-19,3015,33,4,605.76
1882,20,2026-03-20,9661,496,15,1394.26
1883,20,2026-03-21,18662,1046,21,2515.31
1884,20,2026-03-22,10028,117,13,514.98
1885,20,2026-03-23,2725,180,21,3252.22
1886,20,2026-03-24,7794,511,14,1830.71
1887,20,2026-03-25,3778,142,4,3440.63
1888,20,2026-03-26,5070,257,5,4177.04
1889,20,2026-03-27,8992,101,8,4066.28
1890,20,2026-03-28,2822,206,8,4035.15
1891,20,2026-03-29,6164,280,8,3771.14
1892,20,2026-03-30,16597,986,31,3557.81
1893,20,2026-03-31,13947,369,13,1875.51
1894,20,2026-04-01,4537,154,21,3619.41
1895,20,2026-04-02,10567,602,25,3495.94
1896,20,2026-04-03,12869,663,78,555.28
1897,20,2026-04-04,19220,276,28,3581.63
1898,20,2026-04-05,14312,714,105,746.72
1899,20,2026-04-06,2757,151,20,2313.31
1900,20,2026-04-07,17120,1015,64,531.61
1901,20,2026-04-08,18711,806,104,4546.77
1902,20,2026-04-09,14376,957,135,4491.07
1903,20,2026-04-10,11791,803,25,3334.13
1904,20,2026-04-11,10848,788,102,4800.13
1905,20,2026-04-12,2366,104,6,1899.03
1906,20,2026-04-13,10399,719,17,4871.98
1907,20,2026-04-14,16714,412,47,3230.33
1908,20,2026-04-15,13453,690,72,1068.93
1909,20,2026-04-16,10491,322,28,4225.37
1910,20,2026-04-17,15178,874,41,4250.78
1911,20,2026-04-18,8052,250,22,2006.05
1912,20,2026-04-19,17381,993,27,670.11
1913,20,2026-04-20,8619,687,23,2719.04
1914,20,2026-04-21,13638,307,41,654.85
1915,20,2026-04-22,6761,342,8,4673.31
1916,20,2026-04-23,5029,285,25,1382.23
1917,20,2026-04-24,17570,320,38,542.56
1918,20,2026-04-25,5908,202,20,3397.7
1919,20,2026-04-26,8750,129,15,4038.75
1920,20,2026-04-27,5299,394,33,4766.47
1921,20,2026-04-28,1670,50,7,4371.61
1922,20,2026-04-29,18319,216,29,3589.58
1923,20,2026-04-30,6832,310,29,4677.74
1924,20,2026-05-01,16602,201,21,2735.6
1925,20,2026-05-02,1426,75,9,3006.77
1926,20,2026-05-03,7746,135,10,4653.07
1927,20,2026-05-04,6940,398,16,1473.81
1928,20,2026-05-05,6429,481,44,2913.0
1929,20,2026-05-06,2801,223,28,1875.52
1930,20,2026-05-07,7122,475,27,4697.2
